id,sender_id,receiver_id,amount,start_time
0,8696,10272,11640,2128
1,6256,2648,10238,4267
2,5413,8750,11020,4502
3,221,4194,12409,8011
4,3220,8734,8080,8640
5,3913,592,9322,8748
6,7319,707,8925,9749
7,4293,7798,10078,10732
8,7576,5341,11958,11342
9,4914,876,10542,11359
10,6319,107,8927,12328
11,5759,8757,9857,12378
12,3780,10029,10616,13600
13,5345,141,9347,13752
14,3052,10681,9157,18037
15,6884,2458,9831,18350
16,4738,1556,9712,18576
17,6615,8247,9852,18739
18,6274,8842,10063,20892
19,10297,3799,10676,21136
20,7565,7407,8517,21227
21,3815,5184,10343,21461
22,4065,10748,10805,21485
23,1486,616,9500,22115
24,1113,3938,10046,23962
25,8621,4230,10604,26198
26,8432,2909,9001,27206
27,926,6981,10087,27908
28,597,1903,8306,30191
29,3141,2592,10153,30511
30,3797,6853,10326,31530
31,2871,9457,11526,31861
32,10196,9533,10995,32662
33,293,9906,11108,33498
34,6545,7221,9735,34758
35,3336,7788,9034,37029
36,1671,5341,10113,37831
37,3569,9232,9841,38448
38,9624,1452,11228,38634
39,7540,7819,10763,38638
40,2471,5701,9020,39010
41,9804,7734,8203,39389
42,6463,6563,9159,40673
43,10147,7405,7990,40755
44,9787,9356,10427,42807
45,1255,10846,11927,43040
46,10884,3421,10614,43556
47,454,10730,11182,44224
48,8721,616,10217,44540
49,8640,4727,9937,46837
50,3296,3096,8890,46846
51,9139,1218,9784,47808
52,4317,3493,10576,49630
53,3676,7985,9773,49896
54,5036,1327,10181,50833
55,3599,9601,10396,52909
56,6825,9471,9470,53938
57,7108,7401,9995,54053
58,477,10358,9588,55889
59,9660,9413,9523,57699
60,3635,2575,11173,57712
61,342,1292,9493,58007
62,7423,9910,8951,58181
63,8433,8575,9158,62003
64,3500,3462,8477,63584
65,8970,5878,8223,64990
66,8598,10625,10405,66687
67,77,10557,11267,66689
68,5320,1847,11868,67635
69,4069,553,9605,68188
70,37,7871,10260,70074
71,3979,2986,10296,70203
72,3442,5610,10342,70661
73,5967,3700,9008,70832
74,7480,10521,10149,71072
75,54,5932,9797,71348
76,9918,1950,10501,72073
77,9278,6145,10743,72708
78,9013,8443,9571,73502
79,1499,9125,11003,74139
80,3157,5613,10496,74847
81,4407,3527,8144,75808
82,5428,12,10289,76690
83,5270,7796,10585,77212
84,1628,10472,11317,80586
85,4618,495,11186,81274
86,7018,288,9506,81575
87,8829,2360,11128,84933
88,10172,1461,9901,85604
89,3456,5509,9051,86155
90,2511,4942,10506,86215
91,787,5347,10326,86889
92,2538,8083,11080,88040
93,482,8300,10698,88451
94,7159,7311,10777,89730
95,8236,4794,10097,92182
96,638,3907,9899,94672
97,130,1251,11119,94957
98,10346,262,10478,96857
99,1805,3811,10716,96955
100,6753,940,11688,97189
101,1991,2572,8638,99601
102,8444,5369,9004,101968
103,2138,5994,10013,102456
104,1438,7379,9243,104662
105,6104,8373,10352,105519
106,1737,1043,9819,106358
107,6578,6500,9796,107331
108,1029,638,10979,108277
109,7032,8782,10155,110304
110,6934,8695,9609,111710
111,771,6040,10891,111881
112,2432,9197,8577,114507
113,7203,4728,9965,115764
114,3579,8143,9043,117211
115,6428,1473,10212,118887
116,2572,10018,10345,121614
117,5642,793,9994,122278
118,5128,4914,9503,122290
119,9390,9647,9319,122792
120,16,401,10059,124570
121,724,3041,9972,125600
122,1945,995,10585,125662
123,10370,4495,8705,125909
124,72,371,10375,126359
125,843,3838,10085,127368
126,10545,3480,9534,128709
127,4054,550,8824,129087
128,1385,6509,10355,129252
129,1855,6634,10821,132617
130,4972,7362,11256,133475
131,196,7929,10518,133499
132,8261,604,10077,134635
133,5165,7313,9620,134714
134,430,6756,10190,136774
135,359,8424,10111,138479
136,7165,8510,11487,139241
137,8578,1257,10970,139733
138,3927,9391,8551,139739
139,6391,1855,10830,141825
140,3559,9071,10202,143129
141,1604,5381,9555,143155
142,10663,3694,8992,144068
143,6606,2884,9895,145859
144,5744,4476,9931,145950
145,1002,4294,11287,147314
146,3195,6092,9771,148484
147,5338,4313,10944,148534
148,9853,683,10851,149108
149,412,6600,10465,149840
150,10227,5972,11014,150189
151,4400,7385,9317,151905
152,7600,1366,9708,152009
153,969,7068,9753,152213
154,8921,8212,9887,152526
155,840,7759,11239,152783
156,5562,1051,9595,153204
157,1864,1292,9666,153416
158,10114,391,8614,155333
159,287,6664,9082,155777
160,8385,9871,9474,157961
161,2727,8650,9941,159739
162,9209,3628,11481,160724
163,5100,1735,8432,162037
164,5264,6473,9282,165498
165,2703,7293,8588,166877
166,6591,7413,10372,169684
167,3492,3242,10962,169761
168,5783,7002,10898,170379
169,6301,9341,8290,170711
170,4631,5895,12389,171470
171,6937,3570,10079,171531
172,6645,7273,10145,171844
173,5617,8578,9647,172129
174,6218,8762,9500,172582
175,7910,3851,8696,173582
176,10113,5388,10184,174025
177,2645,1004,12648,174362
178,3398,6778,9198,175756
179,4638,2996,9651,175820
180,3413,3458,9524,176757
181,2031,8397,9738,178011
182,10099,3798,9545,179085
183,10623,9392,8185,179947
184,5556,10857,10070,179965
185,4398,7437,10609,180924
186,568,2380,9772,182429
187,9220,3175,10910,183879
188,9051,2702,10357,185195
189,7341,10698,8481,186007
190,6086,8897,11925,186487
191,5282,10478,12659,189552
192,10607,1521,10351,190663
193,1163,6273,9256,191044
194,2634,6407,9218,192232
195,10273,5946,10915,192838
196,10740,3781,10395,195323
197,6726,9017,10373,197045
198,1948,546,8296,197279
199,6750,3078,10043,197380
200,9446,2223,10311,199559
201,3672,1571,10540,200483
202,10793,6579,8783,202231
203,9414,1059,10011,202619
204,6329,8803,10475,204247
205,2855,69,9962,208164
206,6481,3986,8573,209988
207,523,3988,9803,210713
208,2546,5498,10115,211376
209,8141,8031,9804,213583
210,7024,8439,9803,214670
211,10857,365,10221,214948
212,660,7574,8201,215607
213,7479,521,11560,219792
214,7710,7725,9840,221230
215,6115,9201,10390,222564
216,950,6529,8992,223171
217,2646,4260,10185,223173
218,2478,239,10779,226812
219,8729,1809,11108,227395
220,8227,8540,10645,228405
221,8255,5892,10021,228843
222,8048,5619,10210,229087
223,3790,7825,9696,229484
224,2129,9938,10968,229935
225,10280,7574,9037,230424
226,5558,5814,9408,231052
227,10459,6741,10020,232728
228,6873,10191,9376,233085
229,6520,2824,9460,233113
230,383,2920,10399,233495
231,237,8011,10895,234680
232,5463,716,8078,236544
233,1916,1033,10063,236813
234,3550,6091,9485,237733
235,6288,7521,11879,239167
236,6023,2438,10555,240223
237,6232,1416,8488,240275
238,7368,7265,11802,241028
239,2595,9025,9930,241029
240,4732,2683,9722,242020
241,10399,4568,10953,242999
242,1944,5029,8853,243954
243,9183,4538,8781,244509
244,7321,9975,10396,244553
245,2426,1904,9715,246872
246,9306,3654,8995,248569
247,1188,6390,8938,249138
248,2269,3215,12237,250200
249,7420,8239,9218,251232
250,4746,6715,12371,255780
251,8549,1953,11786,255860
252,2541,10295,9276,256231
253,1887,3592,9522,256854
254,2833,973,9226,257728
255,1452,976,9382,258321
256,1273,5035,9292,260384
257,9161,4032,7931,261358
258,10201,10045,9802,261561
259,4993,4240,10427,261983
260,8241,5289,9494,262576
261,6990,8775,9566,262681
262,342,10139,9774,262803
263,1889,5089,10630,264092
264,5123,9492,11305,264148
265,365,10276,12784,266295
266,1173,4029,11544,266858
267,574,10710,11612,268412
268,4435,3482,9049,269409
269,5693,5363,10363,271930
270,5653,10068,9294,273460
271,8839,6713,10627,273631
272,538,10669,9572,276249
273,2604,8378,11260,278266
274,1757,1205,8797,279460
275,10775,3502,8964,281101
276,2771,8500,9820,281634
277,5217,7997,9234,282278
278,2128,3764,11068,283534
279,650,255,9624,283632
280,9310,6206,11700,284009
281,7432,6397,10251,284009
282,10503,1841,9580,284423
283,3215,5272,10666,284881
284,5925,7730,9321,286569
285,178,1109,10610,286754
286,9629,4759,9001,289230
287,3744,469,9452,289942
288,404,7364,10398,291093
289,4334,8701,9892,293386
290,6700,9016,9691,293568
291,4606,1523,9461,294420
292,9890,1726,11183,295260
293,8775,3151,10089,295946
294,817,9438,8605,296675
295,3659,2095,8278,297257
296,6372,5106,9791,300338
297,6597,7903,10282,300842
298,10496,6395,8235,300879
299,1323,2635,9452,303031
300,2440,2584,8982,303437
301,2977,6786,9012,303670
302,7656,799,8291,303919
303,6408,7094,9317,304265
304,2438,9504,10939,304888
305,882,9495,9198,305892
306,2988,3182,9932,308081
307,8043,2163,11454,309302
308,6955,8651,10232,309462
309,6971,5214,10141,310031
310,2380,9853,8465,310458
311,4220,9350,9771,311142
312,10972,1112,11045,313082
313,6685,2603,11647,315886
314,7579,7447,8634,318144
315,3360,6250,10963,320451
316,10405,2981,9931,322896
317,4924,3172,9990,323918
318,6252,893,9272,327505
319,6350,2625,9432,327609
320,8539,2232,12241,328509
321,4458,949,9879,328701
322,4726,5825,9299,328765
323,3981,4785,9137,328961
324,3123,992,9131,332651
325,5742,2926,8045,334856
326,1974,6628,9044,335378
327,6103,4059,11293,336357
328,673,806,10186,336358
329,9421,6664,10659,336567
330,10721,10588,10426,337477
331,6199,4862,11005,339958
332,2903,3096,9940,342291
333,1273,8580,9212,343206
334,5756,6071,8316,345048
335,6063,10751,11141,348819
336,4789,6433,9971,348920
337,6167,7955,9350,349358
338,7009,2185,9741,350144
339,1850,10296,9516,350575
340,2845,9465,9793,351559
341,6492,3391,9725,351991
342,652,2923,7263,352309
343,2071,2161,11055,353450
344,9977,6053,10368,353614
345,8876,2180,9724,353667
346,6970,1494,8749,355710
347,222,2895,9259,355779
348,3892,8676,10842,355846
349,10394,6370,9591,356906
350,2956,4890,8150,357590
351,8963,7877,9897,358752
352,398,4471,10950,359013
353,1034,6481,9832,359747
354,10350,6907,9895,360491
355,9169,6351,9158,361129
356,10442,4077,10565,361282
357,3455,6477,11554,361921
358,5135,5997,9331,362185
359,4128,8131,11351,364731
360,1958,2863,10216,366762
361,4171,5805,9902,366962
362,8079,7938,10229,367000
363,8842,6664,11893,367257
364,1287,2811,8148,368593
365,528,1560,9187,369749
366,6266,2220,10197,370011
367,3950,8041,10929,371135
368,1864,10772,9090,371856
369,1332,1873,9131,372162
370,7212,2737,10715,372689
371,10167,7966,10529,372980
372,5140,318,9372,373576
373,7485,6778,10254,373657
374,3861,2755,9681,373897
375,5882,7657,9992,377170
376,10490,5022,8416,377685
377,8888,3504,8061,379095
378,2799,1675,10668,379155
379,6186,1058,10246,380011
380,4598,7066,8990,381351
381,2154,7734,9402,381550
382,4791,4978,10670,383822
383,3488,9707,10383,385525
384,4791,5347,9783,386799
385,2979,749,9189,387149
386,7837,6195,11826,387589
387,6243,2821,11450,389029
388,2927,4972,7603,391251
389,2361,10790,10556,391559
390,8208,5372,10349,393199
391,3905,4214,10787,394660
392,10303,2891,10575,394937
393,5522,6360,9110,396495
394,10584,1953,9751,397539
395,2672,1503,8311,398942
396,6279,6856,10090,399698
397,3508,10191,9907,399858
398,7071,6013,8730,399944
399,8014,5953,10293,400538
400,9713,5967,10617,400723
401,3628,10153,11135,401208
402,8122,4188,9932,401659
403,2654,1287,10316,401867
404,10347,2935,10086,402046
405,3026,4327,11019,402272
406,881,5186,11092,403655
407,683,6692,11297,403789
408,4724,6932,9030,404108
409,6649,1644,8608,405616
410,413,9675,12977,407787
411,7580,2555,11456,408551
412,9113,6534,10308,409287
413,6045,6697,10384,410025
414,4811,3275,9106,411665
415,9838,9939,10861,411795
416,3588,6660,10825,412317
417,10525,2796,9024,412976
418,3586,198,12582,413955
419,4684,10285,10979,415113
420,2609,4360,10341,415409
421,6843,8303,10797,419856
422,7923,3335,10486,421683
423,6465,6524,8895,423477
424,996,4732,8984,423687
425,4242,5771,10173,426320
426,9861,3312,8414,427354
427,1035,440,9440,428203
428,9232,4083,11749,429693
429,1052,845,10042,431548
430,8996,9066,9786,432818
431,4885,650,9836,433028
432,4560,6067,9690,436817
433,8311,1677,9228,437037
434,3830,1943,9686,437047
435,5224,3706,10782,437732
436,1568,3864,9572,437825
437,5358,9144,9961,438161
438,7871,10187,9869,438193
439,8171,10467,11367,438205
440,8766,599,9662,442222
441,178,950,10596,443782
442,1433,3053,9906,445707
443,9609,1940,10128,446789
444,1543,69,9945,447220
445,8027,6480,9388,447457
446,6548,8544,8465,449069
447,2791,2278,9095,451880
448,211,8211,9651,453464
449,10642,8837,12009,456533
450,10471,2653,8178,456943
451,469,7728,9553,457709
452,7370,10444,10152,458340
453,1834,7738,9677,458745
454,4755,9372,10298,459735
455,7274,1474,10895,460085
456,7974,7333,10452,461201
457,5163,257,11608,462224
458,391,1091,10354,462484
459,3852,8368,9615,462728
460,509,10277,10025,463309
461,5971,4537,11647,463932
462,9643,4552,10678,464013
463,6427,5492,9982,464636
464,5227,10760,8819,464805
465,405,7437,8670,467227
466,10387,151,10968,472376
467,1120,10097,9354,472439
468,10226,8805,11732,475213
469,3632,5876,10640,477958
470,6251,7741,10476,478865
471,3606,8953,9715,481394
472,8171,1089,9730,483657
473,2376,2856,9442,484967
474,6841,6821,8794,487502
475,704,7080,10080,487527
476,7602,3810,9338,490807
477,4077,4477,7291,492526
478,4432,2560,10586,493590
479,10925,6251,10568,493622
480,9222,1822,9564,494769
481,10991,6054,11024,494853
482,6691,5918,9600,495656
483,792,476,10192,496662
484,9506,446,11002,496786
485,97,1048,9548,499065
486,1679,9109,10744,499346
487,10298,10490,9808,501064
488,9356,7100,11236,501543
489,4518,7352,9473,501601
490,998,10116,9715,501929
491,9823,8516,12132,506120
492,7833,8487,10250,507339
493,6585,9246,9528,514268
494,2912,3921,8847,517616
495,10059,1389,9550,518151
496,10917,9656,10042,520086
497,8093,7701,8580,520114
498,1114,1146,10258,520634
499,10250,10144,9186,522908
