id,sender_id,receiver_id,amount,start_time,end_time,mpp,is_success,no_balance_count,offline_node_count,timeout_exp,attempts,route,total_fee
0,1962,6144,4504,1148,1743,0,1,0,0,0,1,23097-31321-61469,3462
1,9589,3891,4723,1859,2458,0,1,0,0,0,1,75248-35626-35642,3975
2,10922,9830,5837,2905,3699,0,1,0,0,0,1,80578-28713-57896-76213,8692
3,4616,2195,4397,3185,3786,0,1,0,0,0,1,45658-39597-17805,4414
4,4410,2174,4094,3672,4067,0,1,0,0,0,1,42157-25968,2277
5,3837,8175,4794,3918,4717,0,1,0,0,0,1,34281-2221-53286-69593,5900
6,10111,6230,5206,3946,4742,0,1,0,0,0,1,77334-1053-923-61811,5025
7,7974,9721,5934,3968,4962,0,1,0,0,0,1,78509-78506-10661-48046-75775,11942
8,7577,4616,5084,6071,6670,0,1,0,0,0,1,67200-47937-45661,3070
9,844,8771,5823,6202,6994,0,1,0,0,0,1,4688-8137-21797-71975,9836
10,5262,9799,6443,7558,8155,0,1,0,0,0,1,54484-45135-76087,6204
11,8162,6029,6510,7641,8441,0,1,0,0,0,1,69538-2470-9900-61009,8020
12,9317,6370,4962,10035,10629,0,1,0,0,0,1,74160-27226-62371,2311
13,4162,3334,4540,10075,10472,0,1,0,0,0,1,38637-38880,1461
14,6876,5052,5731,13414,14213,0,1,0,0,0,1,64396-28175-28118-49859,4533
15,8987,10602,4878,14272,14868,0,1,0,0,0,1,72838-17895-79301,3114
16,9895,4157,6136,15910,16705,0,1,0,0,0,1,76472-60860-45275-59812,7456
17,8349,5403,4448,16222,17016,0,1,0,0,0,1,70286-20087-56230-53528,9430
18,8096,8679,3951,18943,19942,0,1,1,0,0,2,69276-5478-7811-71609,8336
19,10551,5052,5827,19501,20097,0,1,0,0,0,1,79094-28156-49859,2856
20,1913,6993,5304,19577,20175,0,1,0,0,0,1,14593-1553-64865,2501
21,8355,2263,4030,20043,20635,0,1,0,0,0,1,70310-14868-18483,6940
22,5286,3070,6392,21454,22252,0,1,0,0,0,1,52267-46890-45524-50635,4881
23,7366,10892,4570,21601,22394,0,1,0,0,0,1,66354-35833-55182-80461,4283
24,373,5637,4978,21936,22532,0,1,0,0,0,1,1520-52679-56786,2437
25,3728,9694,4867,21936,22734,0,1,0,0,0,1,32858-53195-54746-75669,4727
26,4428,7554,4798,22151,22747,0,1,0,0,0,1,55378-25053-67107,3518
27,7592,2655,4286,24416,25210,0,1,0,0,0,1,67260-25303-11426-22345,7075
28,6440,2252,3977,26620,27217,0,1,0,0,0,1,62652-9546-18362,2932
29,5687,9018,5108,26974,27771,0,1,0,0,0,1,56465-53456-57106-72965,3435
30,6209,7899,4464,28004,28604,0,1,0,0,0,1,61726-37090-68487,3739
31,4454,1550,4347,28866,29462,0,1,0,0,0,1,42751-9776-11295,4384
32,4310,10702,5960,29227,30420,0,1,1,0,0,2,40597-28488-34524-79701,6966
33,3658,9834,3738,30957,31754,0,1,0,0,0,1,32222-48507-17784-76227,4475
34,870,6623,5721,32048,32643,0,1,0,0,0,1,4921-27080-63383,3857
35,4903,4824,5923,32862,33460,0,1,0,0,0,1,49368-46622-48340,7999
36,7898,10380,3795,33383,34177,0,1,0,0,0,1,68482-42439-43028-78411,5347
37,8502,9385,4656,33410,34003,0,1,0,0,0,1,70900-21263-74431,4603
38,9432,8689,4485,33434,34035,0,1,0,0,0,1,74620-14795-71647,2461
39,5440,1597,5181,33939,34538,0,1,0,0,0,1,53755-8510-11677,3545
40,9865,1125,4180,34486,35084,0,1,0,0,0,1,76350-1711-15806,3295
41,8307,782,4660,34597,34597,0,0,0,0,0,1,-1,
42,9936,9222,5641,35487,36283,0,1,0,0,0,1,76634-10527-60957-73781,6996
43,5296,9871,2262,35529,36125,0,1,0,0,0,1,52385-37841-76377,6047
44,7250,5668,6994,37018,37816,0,1,0,0,0,1,65890-30197-42615-56274,5897
45,4811,26,5763,37320,37918,0,1,0,0,0,1,49153-54746-23003,2564
46,4378,10981,4171,37813,38609,0,1,0,0,0,1,41658-42463-10297-80815,8513
47,7304,1862,5133,38797,39396,0,1,0,0,0,1,66106-37126-14153,5105
48,2825,1337,3062,41093,41093,0,0,0,0,0,1,-1,
49,4088,9366,6262,42157,42755,0,1,0,0,0,1,37699-9809-74357,6056
50,6410,1890,4711,42554,43146,0,1,0,0,0,1,62530-6354-59352,7364
51,10724,9549,5453,43707,43907,0,0,1,0,0,2,79788-54421-44999-58764-75087,8830
52,4312,1846,5036,44392,45188,0,1,0,0,0,1,44461-44535-52262-14063,7857
53,7584,457,3175,44457,44854,0,1,0,0,0,1,67228-12899,3053
54,9044,4372,4894,45136,45736,0,0,1,0,0,2,73068-11482-38792-41617,7668
55,1885,4709,4873,46197,47194,0,1,0,0,0,1,75783-75784-59215-52630-46901,8482
56,8108,10962,5017,46851,48040,0,1,1,0,0,2,69324-38320-46619-29720-80741,8698
57,6829,4100,6695,48046,48845,0,1,1,0,0,2,64206-60148-46179,3631
58,4393,7667,3968,48748,49741,0,1,1,0,0,2,41800-44098-43523-67559,8302
59,10677,2746,5909,50275,51072,0,1,0,0,0,1,79600-53239-53233-23376,7038
60,4824,7241,6057,50807,50807,0,0,0,0,0,1,-1,
61,2768,3691,5793,52288,53086,0,1,0,0,0,1,23557-1204-1189-32491,4180
62,4912,4043,5461,52930,53720,0,1,0,0,0,1,49387-35134-36194-37170,6869
63,25,1961,4192,53304,54103,0,1,0,0,0,1,55-8282-25591-25228,4768
64,5720,9200,3951,53668,54266,0,1,0,0,0,1,58352-13775-73693,6142
65,10764,6741,4592,54117,54713,0,1,0,0,0,1,79946-2266-63857,3769
66,5200,9209,5407,55023,59417,0,1,1,1,0,3,51961-49331-13900-73025-73727,9281
67,8753,6340,4393,57365,58159,0,1,0,0,0,1,71902-42668-22564-62253,4926
68,6927,1880,7281,57840,58238,0,0,1,0,0,2,64600-12199-14307,7998
69,9956,601,5629,58581,59375,0,1,0,0,0,1,76714-14539-3910-2999,4597
70,1853,8012,5273,60046,60641,0,1,0,0,0,1,43712-48098-68939,5601
71,9006,2224,6048,60050,60647,0,1,0,0,0,1,72914-1748-18053,6944
72,6957,4036,2704,60994,61589,0,1,0,0,0,1,64718-39878-52857,3626
73,506,346,5744,63947,64345,0,1,0,0,0,1,2500-5734,4652
74,3552,4680,5841,64032,64826,0,1,0,0,0,1,30941-29502-35846-56543,4910
75,7369,5297,6281,65540,66338,0,1,0,0,0,1,66368-30297-53302-52396,7724
76,3056,6182,6983,65650,65650,0,0,0,0,0,1,-1,
77,10339,426,4459,66023,66821,0,1,0,0,0,1,78248-41370-1035-2129,6170
78,3865,1046,5190,66125,66717,0,1,0,0,0,1,42477-39564-6303,7214
79,9118,5481,5462,67494,68283,0,1,0,0,0,1,73362-40273-49356-54078,6746
80,7142,4682,5467,68961,69356,0,0,1,0,0,2,65460-49915-46464,7251
81,1478,1169,4827,69514,70112,0,1,0,0,0,1,9506-7733-7289,3258
82,6938,10764,5699,69750,70541,0,1,0,0,0,1,64642-23401-40651-79947,6741
83,2139,10440,3344,69862,70459,0,1,0,0,0,1,18179-42756-78653,5608
84,8016,9627,6515,72372,73165,0,1,0,0,0,1,68956-60412-5640-75399,8030
85,6580,1779,6057,77251,81048,0,1,1,1,0,3,63210-1305-50143,5680
86,9348,4224,5469,77405,78005,0,1,0,0,0,1,74282-37701-48307,5191
87,6665,1371,7599,80227,80824,0,1,0,0,0,1,63552-1450-9017,3011
88,6857,6745,6326,83032,83826,0,1,0,0,0,1,64318-38221-55048-63873,5278
89,10303,6027,4775,83095,83894,0,1,0,0,0,1,78104-563-25685-61001,5604
90,10139,9444,4507,83658,84452,0,1,0,0,0,1,77446-17517-10712-74669,6589
91,1898,877,4479,85427,86021,0,1,0,0,0,1,14407-261-4916,2103
92,4446,4168,5328,86532,87129,0,1,0,0,0,1,47205-48365-38690,7334
93,7873,7210,4322,87002,88393,0,1,1,0,0,2,68382-29737-21367-65731,9887
94,1093,2367,5383,88234,89028,0,1,0,0,0,1,6887-8603-3712-19437,4537
95,705,7450,5809,89347,89942,0,1,0,0,0,1,3676-13123-66691,5742
96,9656,9757,6962,90166,91163,0,1,1,0,0,2,75516-36023-75919,6185
97,6341,5612,4601,90186,90981,0,1,0,0,0,1,62256-2242-53003-55358,5002
98,4046,931,4333,90687,91687,0,1,1,0,0,2,37186-48364-3036-5561,5242
99,5449,9041,5865,94049,95045,0,1,0,0,0,1,73423-73424-56040-37181-73057,9010
100,9324,634,4682,94174,98763,0,1,1,1,0,3,74186-69580-57207-17419-4294,7031
101,9517,2102,6920,94847,95441,0,1,0,0,0,1,74960-26977-16440,3611
102,1485,3107,3729,95191,95785,0,1,0,0,0,1,10385-29502-45807,4949
103,502,6658,6112,95308,96107,0,1,1,0,0,2,2499-52749-63523,5004
104,5718,2000,5821,95529,96132,0,1,0,0,0,1,56801-25736-15420,6174
105,2650,10528,5617,96053,96655,0,1,0,0,0,1,22513-25548-79005,4977
106,1978,8197,5504,96119,96514,0,1,0,0,0,1,24160-69681,1126
107,7481,9195,3874,96645,97241,0,1,0,0,0,1,66816-4454-73673,7463
108,2448,10870,4028,98481,99279,0,1,0,0,0,1,20100-2158-41234-80371,6426
109,4420,2232,5430,98913,100101,0,1,1,0,0,2,60747-70933-70930-66766,9438
110,2728,10441,4574,99641,100437,0,1,0,0,0,1,23222-10542-44161-78655,3879
111,8876,8695,5651,99751,100548,0,1,0,0,0,1,72396-40164-10361-71673,6021
112,9972,9810,6230,99909,100704,0,1,0,0,0,1,76778-52678-11831-76131,5386
113,608,4615,4593,100453,101252,0,1,0,0,0,1,3035-56355-53008-45650,9814
114,4845,4782,5585,100577,100976,0,1,0,0,0,1,56737-47852,1102
115,10914,3961,4924,100960,101757,0,1,0,0,0,1,80546-115-54852-35969,5454
116,6310,9283,5788,101336,101935,0,1,0,0,0,1,62132-24612-74023,3238
117,2954,2494,3334,101339,102731,0,1,1,0,0,2,25613-53620-55456-20581,4027
118,4527,9162,4465,103197,103997,0,1,0,0,0,1,50270-8442-4202-73539,4166
119,10666,2227,4197,104829,105620,0,1,0,0,0,1,79554-62294-31676-18105,10016
120,6956,9185,4215,105088,105685,0,1,0,0,0,1,64714-4239-73633,2996
121,245,7928,3140,105212,106600,0,1,1,0,0,2,41165-52704-4887-68605,7500
122,8948,4816,3898,109429,110022,0,1,0,0,0,1,72684-52728-48298,5382
123,4248,5927,5493,111695,112293,0,1,0,0,0,1,42818-38172-59629,6439
124,2916,9966,5535,112007,112606,0,1,0,0,0,1,43722-33383-76757,3554
125,7631,10795,5138,112556,113355,0,1,0,0,0,1,67416-27903-7033-80073,5195
126,6493,6027,6538,114524,115317,0,1,0,0,0,1,62864-16870-29843-61001,6039
127,7097,8608,4799,117249,118639,0,1,1,0,0,2,65280-35870-56450-35773-71325,8997
128,7783,5401,4436,118244,119037,0,1,0,0,0,1,68022-34161-27080-53516,3817
129,3968,5919,5486,118498,118895,0,1,0,0,0,1,36306-59677,1024
130,3379,6418,8070,120647,121441,0,1,0,0,0,1,29048-26680-55715-62563,5046
131,10839,211,5364,122092,122691,0,1,0,0,0,1,80248-19041-3844,5754
132,7557,8393,5687,125475,126070,0,1,0,0,0,1,67118-3408-70463,6118
133,6200,6954,6791,126441,127441,0,1,1,0,0,2,61692-35816-17408-64709,7776
134,10370,8393,3767,127071,127668,0,1,0,0,0,1,78372-33562-70465,2803
135,3280,8124,5269,128497,129093,0,1,0,0,0,1,28527-4080-69389,4551
136,3952,3259,4680,129062,129857,0,1,1,0,0,2,35880-17509-39356-28351,5851
137,8093,7811,5085,129121,130310,0,1,1,0,0,2,69264-18747-35411-68137,5948
138,5421,1693,5121,129557,130357,0,1,0,0,0,1,53587-56231-53242-12332,8006
139,10661,5366,5039,131499,132687,0,1,1,0,0,2,79536-69208-53221-56382,6414
140,8692,9037,4089,131662,132260,0,1,0,0,0,1,71658-1668-73041,3487
141,7939,7500,4610,134209,135006,0,1,0,0,0,1,68648-3260-38843-66893,7709
142,4915,9636,6935,135257,135257,0,0,0,0,0,1,-1,
143,8890,2478,5484,135789,136583,0,1,0,0,0,1,72452-31894-29757-20456,6579
144,8628,9274,6020,137749,138546,0,1,0,0,0,1,71404-3225-22618-73989,4825
145,782,3744,5963,137843,139031,0,1,1,0,0,2,4277-42332-43679-32983,6064
146,3648,1176,6405,138051,138848,0,1,1,0,0,2,34250-387-7318,5255
147,2181,453,5404,138578,138974,0,1,0,0,0,1,17596-2211,4589
148,4709,8257,4760,138814,139416,1,1,0,0,0,2,46900-31891-69919,6608
149,572,8630,4623,139594,140191,0,1,0,0,0,1,2809-58751-71413,5203
150,8717,4702,6528,140631,144431,0,1,0,1,0,2,71758-1128-1146-49657,5068
151,703,1900,5190,141531,141928,0,1,0,0,0,1,3665-14653,2696
152,470,4854,5970,149658,150455,0,1,0,0,0,1,10869-41005-41293-48644,7108
153,5785,507,5215,151870,151870,0,0,0,0,0,1,-1,
154,549,2156,4062,152404,152801,0,1,0,0,0,1,2691-18204,3776
155,7440,5128,4942,153296,153296,0,0,0,0,0,1,-1,
156,8682,7305,5772,153506,154900,0,1,1,0,0,2,71618-33169-8465-66113,10171
157,90,3952,5306,155681,156279,0,1,0,0,0,1,208-18220-35875,4850
158,5958,4100,3764,156293,156895,0,1,0,0,0,1,60119-47888-47827,2956
159,1931,4204,5619,156884,157281,0,1,0,0,0,1,16285-39110,1214
160,8386,10447,5473,157133,157731,0,1,0,0,0,1,70436-22335-78679,3979
161,8873,7296,6038,157921,158517,0,1,0,0,0,1,72384-39292-66077,2660
162,2326,7296,6227,158189,158788,0,1,0,0,0,1,20953-8034-66077,2421
163,2358,6904,5445,158661,159260,0,1,0,0,0,1,19380-51966-64507,7174
164,1643,9287,4813,159144,159742,0,1,0,0,0,1,12375-12110-74039,6726
165,8388,8002,3504,159472,163467,0,1,1,1,0,3,70442-9210-9416-68901,6921
166,8491,3925,5064,160283,161076,0,1,0,0,0,1,70854-42569-44535-35432,7065
167,3582,10535,6316,160426,161224,0,1,0,0,0,1,31245-43774-42680-79031,4731
168,2718,3692,5202,160710,161512,0,1,0,0,0,1,23093-8603-53304-32492,5377
169,2701,5938,5476,162281,163078,0,1,0,0,0,1,22743-43560-22580-59827,5588
170,2242,717,6690,162422,163607,0,1,1,0,0,2,18240-13093-17716-3770,11333
171,7585,1306,5152,163807,164605,0,1,0,0,0,1,67232-21922-13748-8143,7175
172,2047,7091,4539,164724,165523,0,1,1,0,0,2,16174-10301-65257,4986
173,5738,8994,4847,166334,166932,0,1,0,0,0,1,59917-56816-72869,8782
174,1053,9059,4324,166645,167441,0,1,0,0,0,1,6347-31530-14883-73127,8568
175,4742,2654,4461,168708,169303,0,1,0,0,0,1,47413-44999-22346,3385
176,6510,5560,5700,169683,170280,0,1,0,0,0,1,62932-54504-54813,3190
177,2269,10589,5047,169846,169846,0,0,0,0,0,1,-1,
178,3027,5534,4122,170362,171353,0,1,1,0,0,2,26166-2217-53008-54428,4171
179,7520,9598,4398,171861,172651,0,1,0,0,0,1,66972-58844-30838-75285,6957
180,3478,9406,5333,171926,173130,0,1,1,0,0,2,30191-3406-1643-74517,5427
181,5539,5984,4064,173682,174482,0,1,0,0,0,1,55528-52219-60519-60553,6638
182,10468,1258,4818,174597,175995,0,1,2,0,0,3,78762-71532-62108-331-7790,12977
183,10319,8329,5622,174942,175738,0,1,0,0,0,1,78168-36876-24280-70209,4165
184,2598,6419,4148,176100,176898,0,1,0,0,0,1,27425-3910-11263-62569,6610
185,7142,4440,5140,176628,177230,0,0,1,0,0,2,65458-1939-45786-42581,8095
186,551,10412,4023,176974,177772,0,1,0,0,0,1,2699-860-1850-78541,3834
187,5855,6138,5460,178807,180203,0,1,1,0,0,2,58329-46180-56988-17395-61443,5364
188,3056,6052,3642,184962,184962,0,0,0,0,0,1,-1,
189,3113,4217,4072,185437,186034,0,1,0,0,0,1,27057-14074-39299,4038
190,3928,3760,3803,185544,186139,0,1,0,0,0,1,41055-47165-33138,6603
191,4071,5952,4874,185684,186883,0,1,1,0,0,2,37467-36785-44196-60104,7627
192,5884,6133,4419,185792,186591,0,1,0,0,0,1,58989-6822-7026-61423,4637
193,10767,3445,6682,188575,189171,0,1,0,0,0,1,79960-42221-43676,6010
194,10521,10659,4851,189142,189935,0,1,0,0,0,1,78974-38383-37690-79529,5925
195,3237,3361,5878,190643,191040,0,1,0,0,0,1,28151-29406,3281
196,1958,10401,6511,191512,192110,0,1,0,0,0,1,15313-52728-78495,6381
197,8404,5952,6380,192391,193184,0,1,0,0,0,1,70506-18256-41301-60104,9276
198,8481,10859,2892,192432,193026,0,1,0,0,0,1,70816-50552-80327,7052
199,1517,10330,5586,195049,195844,0,1,0,0,0,1,10919-10424-40897-78211,4620
200,10408,5614,5099,195274,195274,0,0,0,0,0,1,-1,
201,1101,4196,4575,196323,196922,0,1,0,0,0,1,6938-929-39008,3361
202,1785,10541,5873,196768,197567,0,1,1,0,0,2,13152-15865-79055,5891
203,10508,5312,4478,196939,197536,0,1,0,0,0,1,78924-45645-52543,3026
204,4330,4708,7079,197548,197945,0,1,0,0,0,1,41031-46894,1781
205,3190,10260,4653,199801,200403,0,1,0,0,0,1,27771-48788-77931,5986
206,7106,3808,4014,199916,200516,0,1,0,0,0,1,65316-36423-34006,7044
207,8129,207,7257,200342,200937,0,1,0,0,0,1,69406-10622-2053,3034
208,7126,827,4406,202236,203229,0,1,0,0,0,1,65394-64724-24143-19922-4565,9753
209,10947,10162,3626,203743,204542,0,1,0,0,0,1,80680-53209-20126-77541,7321
210,646,3712,6909,204267,204865,0,1,0,0,0,1,3290-52745-33923,6426
211,1935,3699,4976,205196,205595,0,1,0,0,0,1,23323-32544,3818
212,10418,253,6157,205400,206196,0,1,0,0,0,1,78562-48901-48320-826,4530
213,6805,716,5468,206507,208291,0,1,2,0,0,3,64112-18682-33789-33696,4942
214,3959,7834,3197,206743,207339,0,1,0,0,0,1,42776-43649-68229,4651
215,2829,642,4672,208031,208430,0,1,0,0,0,1,43518-17308,1708
216,1244,3908,4255,208296,208895,0,1,0,0,0,1,7678-34133-40327,4437
217,3177,4606,5115,208334,209124,0,1,0,0,0,1,27672-24047-47827-45604,5937
218,2699,8880,5946,208854,209450,0,1,0,0,0,1,22718-10622-72413,5544
219,6555,5081,7002,208985,209582,0,1,0,0,0,1,63112-52702-52983,3749
220,8447,6272,5140,210080,210678,0,1,0,0,0,1,70680-6538-61979,4963
221,4767,354,5185,211105,211701,0,1,0,0,0,1,47783-47882-52666,3986
222,7796,985,5882,211116,212112,0,1,1,0,0,2,68074-3270-59297-20110,4191
223,6539,1217,4927,211782,212377,0,1,0,0,0,1,63046-51918-7571,6513
224,6384,2431,4630,212083,212881,0,1,1,0,0,2,62428-41353-51024,6223
225,4003,4380,3715,216032,216635,0,1,0,0,0,1,36523-8034-42415,3778
226,6173,4138,3642,216268,216865,0,1,0,0,0,1,61584-13127-38285,2422
227,1929,7466,4387,217774,218371,0,1,0,0,0,1,14721-1721-66755,4473
228,7401,10601,3601,217834,218634,0,1,0,0,0,1,66496-37445-10524-79295,6991
229,7967,7442,4779,218136,218929,0,1,0,0,0,1,68760-5054-49193-66659,7394
230,4716,5684,3748,219388,219788,0,1,0,0,0,1,49005-56401,3470
231,8755,7742,4575,219612,220806,0,1,1,0,0,2,71910-4680-43525-67861,5923
232,8352,4192,5760,219959,220556,0,1,0,0,0,1,70298-34746-39045,5697
233,3106,8656,4896,221639,222232,0,1,0,0,0,1,26962-8330-71515,7234
234,176,2471,5396,222165,223565,0,1,2,0,0,3,547-11260-11262-20417,7274
235,423,7854,4141,222617,223214,0,1,0,0,0,1,23626-36340-68307,4168
236,6207,7670,5269,222758,223351,0,1,0,0,0,1,61720-21364-67573,5507
237,9887,8837,4808,223360,225149,0,1,1,0,0,2,78765-78762-71532-62108-452-781-72241,14083
238,3541,3973,6378,223788,224385,0,1,0,0,0,1,30851-9679-36118,6194
239,9377,2518,5004,223831,224429,0,1,0,0,0,1,74398-1950-20864,3269
240,4613,4438,5103,223980,225177,0,1,1,0,0,2,45647-41292-41221-42532,6989
241,4523,10583,4320,224130,224923,0,1,0,0,0,1,44708-43661-47436-79223,4362
242,1315,759,4605,224347,224946,0,1,0,0,0,1,11791-37790-9543,2261
243,3695,4428,4900,225569,225569,0,0,0,0,0,1,-1,
244,4358,9324,4659,226934,227729,0,1,0,0,0,1,48033-44560-69579-74187,7959
245,5351,1591,6906,227416,228614,0,1,1,0,0,2,53183-40424-41344-11618,4607
246,8413,10481,5303,228033,228630,0,1,0,0,0,1,70542-29913-78815,5894
247,6889,8145,5100,228515,229310,0,1,0,0,0,1,64448-9307-53250-69473,7189
248,749,2022,6073,229013,229606,0,1,0,0,0,1,6906-6393-15727,4815
249,3289,8117,6416,229235,229835,0,1,0,0,0,1,28600-25725-69359,2135
250,3656,5766,6486,229862,230859,0,1,0,0,0,1,32206-50016-2190-80557-80554,11611
251,6739,2902,5188,230884,231480,1,1,1,0,0,3,63846-13109-25310,16179
252,6322,2103,6010,233237,233638,0,1,0,0,0,1,62180-25015,2761
253,10334,1467,6723,234305,234902,0,1,0,0,0,1,78228-9813-9418,3326
254,3017,668,3773,234701,235495,0,1,0,0,0,1,26099-19585-19475-3434,5212
255,5744,9470,5196,237457,238258,0,1,0,0,0,1,57096-23776-5055-74773,6203
256,6012,6793,4333,237474,238065,0,1,0,0,0,1,60938-49747-64065,4553
257,6172,4912,6771,239055,239852,0,1,0,0,0,1,61578-13320-40273-49386,6515
258,3742,7541,5231,239548,240146,0,1,0,0,0,1,32974-6644-67055,6563
259,2796,2988,4275,240863,241665,0,1,0,0,0,1,23884-53232-53011-25871,5010
260,497,400,3764,241140,241538,0,1,0,0,0,1,2466-6844,1220
261,9119,8771,4083,241442,242438,0,1,0,0,0,1,73366-69268-857-62773-71977,11760
262,267,6297,5814,241651,242053,0,1,0,0,0,1,53065-62081,3439
263,9345,6881,4853,241750,242545,0,1,0,0,0,1,74272-47898-22341-64415,7238
264,8289,9119,5301,242444,243038,0,1,0,0,0,1,70048-6464-73369,4842
265,10620,3948,4290,242964,243563,0,1,0,0,0,1,79370-45823-35820,8560
266,8387,5513,4906,243363,243963,0,1,0,0,0,1,70438-44849-54385,5645
267,3141,5634,5518,243768,244364,0,0,1,0,0,2,27284-42873-43237-55730,5429
268,5198,538,5490,243962,244756,0,1,0,0,0,1,51211-49157-49981-2640,5760
269,1019,4286,4716,247516,251310,0,1,0,1,0,2,6126-16961-41490,3053
270,7992,6075,5541,248136,248933,0,1,0,0,0,1,68858-10040-2087-61191,5018
271,5033,216,4310,251377,251972,0,1,0,0,0,1,49646-49357-27808,5568
272,2402,2198,3569,251502,255103,0,1,0,1,0,2,19716-6489-17733,4859
273,4461,8782,4752,253071,253666,0,1,0,0,0,1,42939-57032-72019,3070
274,3847,8979,4781,254580,255176,0,1,0,0,0,1,34369-4894-72807,6064
275,737,7004,5209,254800,255399,0,1,0,0,0,1,4059-6496-64909,6971
276,7671,1509,5505,255474,256073,0,1,0,0,0,1,67574-52737-10854,2968
277,9202,5092,5935,256002,257988,0,1,2,0,0,3,73700-67046-62366-13866-50314,10539
278,6432,7681,3143,256216,256814,0,1,0,0,0,1,62620-9771-67617,2155
279,8190,6516,3317,256902,257697,0,1,0,0,0,1,69650-64450-34575-62957,8329
280,5270,4298,4718,258162,258763,0,1,0,0,0,1,51979-44616-40512,9324
281,9468,7719,4280,258795,259589,0,1,0,0,0,1,74762-41296-45268-67769,7382
282,3531,7565,3915,258944,259540,0,1,0,0,0,1,30745-45332-67151,3196
283,4461,6764,4247,258980,259577,0,1,0,0,0,1,42936-9922-63949,5638
284,9992,5177,5736,259660,260461,0,1,0,0,0,1,76860-41005-41293-51093,6248
285,2989,5222,7344,260038,260635,0,1,0,0,0,1,25873-46622-58793,5558
286,585,7072,4223,260312,260906,0,1,0,0,0,1,2881-6392-65181,6964
287,3151,2509,6103,262023,262620,0,1,0,0,0,1,27423-3856-20820,7582
288,6336,996,3438,262042,262641,0,1,0,0,0,1,62234-3881-5651,4943
289,1052,2775,5064,262752,263542,0,0,2,0,0,3,7583-6538-71871-71872,8800
290,576,2677,6444,263347,264142,0,1,0,0,0,1,2892-58751-58656-22540,6602
291,7471,7528,7036,263973,264567,0,1,0,0,0,1,66776-18692-67003,5908
292,9627,3001,4985,267873,268470,0,1,0,0,0,1,75398-13911-25979,5999
293,5813,3927,5519,268696,269495,0,1,0,0,0,1,58611-57984-43615-39843,4647
294,6562,1892,6936,268775,269374,0,1,0,0,0,1,63138-53000-35834,3489
295,7374,8561,4394,270830,271229,0,1,0,0,0,1,66386-71137,1623
296,9858,7479,4791,271175,271771,0,1,0,0,0,1,76324-30319-66809,6588
297,1857,3516,3956,271750,272344,0,1,0,0,0,1,23765-42184-30575,5046
298,9617,4826,5891,272860,273257,0,1,0,0,0,1,75358-48344,2232
299,2334,10317,4200,274309,275098,0,1,0,0,0,1,19182-1723-6470-78159,7212
300,1252,1594,4942,276881,277676,0,1,0,0,0,1,7742-10191-13318-11645,5242
301,1282,5466,4667,277402,277801,0,1,0,0,0,1,54381-53982,2674
302,6766,10881,5689,278630,279225,0,1,0,0,0,1,63956-12660-80417,7728
303,8934,7377,4848,279166,279766,0,1,0,0,0,1,72628-42614-66399,4262
304,1364,1700,5980,279688,280289,0,1,0,0,0,1,8653-10744-12381,3129
305,10021,6266,5688,280134,281131,0,1,0,0,0,1,76976-583-41992-56540-61957,8075
306,4791,835,5948,281006,281796,0,1,0,0,0,1,47941-8510-5703-4626,5592
307,5687,1199,4981,282614,283215,0,1,0,0,0,1,58518-54123-7446,2889
308,9860,5414,6571,283359,284560,0,1,2,0,0,3,76330-16581-55592-53551,10606
309,2354,4083,6096,285634,290223,0,1,1,1,0,3,19338-2158-46559-37572,4744
310,6489,9377,3479,286193,286790,0,1,0,0,0,1,62848-1951-74399,9462
311,3272,8985,4429,290385,290985,0,1,0,0,0,1,48325-22580-72833,4076
312,897,2758,5460,290956,291756,0,1,0,0,0,1,5079-22567-34560-23479,3269
313,3702,357,4988,292906,293304,0,1,0,0,0,1,32580-34372,2104
314,2447,3684,5450,294362,294757,0,1,0,0,0,1,23707-47234,1919
315,7796,5051,4850,295036,299225,0,1,1,1,0,3,68076-15246-49915-49850,8364
316,558,4265,5243,295574,296371,0,1,0,0,0,1,63227-63228-25475-39916,6402
317,7424,3610,4035,295780,296376,0,1,0,0,0,1,66588-12932-32920,3993
318,6353,212,5080,297927,298326,0,1,0,0,0,1,62302-1006,1935
319,1880,6230,3714,298185,298988,0,1,0,0,0,1,14306-58219-56251-61811,6021
320,276,9856,5211,298545,299344,0,1,1,0,0,2,22466-33302-76317,5597
321,412,8178,4196,298759,299354,0,1,0,0,0,1,1980-9521-69605,5431
322,2886,1537,4382,299230,299829,0,1,0,0,0,1,24791-1118-11117,3579
323,4419,8052,4182,299248,300038,0,1,0,0,0,1,42390-13297-59388-69099,6313
324,1350,7341,2859,299677,300274,0,1,0,0,0,1,8519-30042-66257,4935
325,1060,9424,4339,301570,302368,0,1,0,0,0,1,6439-1741-55182-74587,7028
326,3795,9853,4497,301735,302334,0,1,0,0,0,1,33774-23119-76303,5261
327,8371,4397,4756,302358,303157,0,1,0,0,0,1,70376-20682-3051-41886,5097
328,8909,8972,5525,302815,304409,0,1,1,0,0,2,72526-20214-1663-48157-72779,7538
329,690,8922,4242,303377,307575,0,1,1,1,0,3,3579-28028-26870-72579,6006
330,10104,2629,5132,303816,304410,0,1,0,0,0,1,77306-1260-22306,3413
331,8770,4647,6653,303987,304785,0,1,0,0,0,1,71970-60157-46181-45937,8007
332,9642,10292,4835,305919,306713,0,1,0,0,0,1,75460-13209-10600-78061,4091
333,4875,9753,4177,307045,307846,0,1,0,0,0,1,49089-11059-47912-75903,6980
334,4121,2440,3109,307510,308106,0,1,0,0,0,1,46988-52744-36766,2073
335,2036,89,3022,308807,309606,0,1,0,0,0,1,15854-15343-15344-207,5294
336,7818,10607,5744,310909,312302,0,1,1,0,0,2,68162-43227-32144-79319,8968
337,5633,2804,4923,312026,313022,0,1,0,0,0,1,55707-43429-41286-8563-23948,9338
338,5270,7233,5114,315597,316393,0,1,0,0,0,1,51979-44168-34187-65825,5027
339,9949,6688,3839,316654,317248,0,1,0,0,0,1,76686-6638-63643,5006
340,8702,291,3704,317376,318168,0,1,0,0,0,1,71700-38749-350-960,3882
341,3819,1871,3682,319597,320192,0,1,0,0,0,1,34139-52744-14243,3096
342,405,6410,4387,321380,321977,0,1,0,0,0,1,14338-5785-62531,2446
343,5372,922,7219,321487,323478,0,1,3,0,0,4,73263-73264-26512-6657,10051
344,2425,9426,4765,321939,322741,0,1,0,0,0,1,19903-21012-60461-74595,5062
345,7553,4458,4951,322532,323129,0,1,0,0,0,1,67104-38540-42876,6376
346,994,2325,3502,323062,323658,0,1,0,0,0,1,6253-10950-19073,6173
347,7033,2189,5658,324750,325547,0,1,0,0,0,1,65022-45917-42085-17662,9132
348,10524,3284,3754,325604,326398,0,1,0,0,0,1,78986-20575-10490-35017,4764
349,7002,10104,5598,325644,326443,0,1,0,0,0,1,64900-55570-31987-77307,8817
350,2534,4949,5928,326072,326867,0,1,0,0,0,1,21004-53243-52994-49475,8614
351,10899,4355,5282,327248,327844,0,1,0,0,0,1,80486-22581-47012,4892
352,4231,9173,6195,327259,327858,0,1,0,0,0,1,39490-31637-73585,3480
353,1179,7482,4038,328242,329238,0,1,1,0,0,2,8737-3051-2006-66821,6413
354,3091,6821,5338,328573,329172,0,1,0,0,0,1,26774-10455-64175,6308
355,7795,786,5449,329955,331344,0,1,2,0,0,3,68072-2034-3054-4300,8380
356,4696,8790,4119,331760,332358,0,1,0,0,0,1,46655-29679-72051,5378
357,1176,7207,6227,331942,332541,0,1,0,0,0,1,8446-14296-65719,3208
358,5385,612,4192,333738,334535,0,1,0,0,0,1,53466-52682-5705-3049,3739
359,9073,5856,4936,337455,338055,0,1,0,0,0,1,73184-46399-58330,6440
360,5450,1656,4264,337639,338437,0,1,0,0,0,1,53831-58440-22570-12098,5006
361,7203,6271,5117,338339,342335,0,1,0,1,0,2,65702-10733-8576-61977,7004
362,9074,7110,5105,340281,340879,0,1,0,0,0,1,73188-5159-65333,2503
363,5726,6097,6574,340692,341885,0,1,1,0,0,2,56845-48730-48726-61279,6208
364,5546,5671,4808,342771,343367,0,1,0,0,0,1,54702-37994-56285,4901
365,5035,6209,6193,344306,345099,0,1,0,0,0,1,49650-58440-3409-61729,4704
366,9085,5715,5582,345212,345807,0,1,0,0,0,1,73232-18796-56915,5169
367,10341,8084,5799,345692,346289,0,1,0,0,0,1,78256-3164-69227,3694
368,2122,10755,5370,347197,347996,0,1,0,0,0,1,16715-13454-52947-79911,7221
369,1717,3939,3851,347445,348241,0,1,0,0,0,1,72441-72438-22333-35668,9013
370,8578,3714,4516,350173,350969,0,1,0,0,0,1,71204-23326-9589-32673,6360
371,620,5822,6238,351674,352472,0,1,0,0,0,1,3100-15737-51621-58120,4742
372,386,8111,5832,353165,353759,0,1,0,0,0,1,1717-7732-69337,4201
373,3872,4233,4798,353197,353795,0,1,0,0,0,1,34641-6568-39525,5593
374,10956,2953,5726,354239,355038,0,1,0,0,0,1,80716-24216-28926-25603,5002
375,2606,9270,4258,354329,355518,0,1,1,0,0,2,21926-12729-12714-39429-73971,9261
376,6914,419,3993,354373,354970,0,1,0,0,0,1,64546-52689-2012,8600
377,154,6682,4591,354649,355445,0,1,0,0,0,1,461-1968-37704-63619,4525
378,10493,1735,4180,355328,356124,0,1,0,0,0,1,78862-39772-52740-12629,6974
379,8198,8493,4329,357967,358561,0,1,0,0,0,1,69684-1709-70865,5871
380,10261,6288,6283,360823,361617,0,1,0,0,0,1,77934-24305-3001-62045,4344
381,9732,5117,5656,361026,361621,0,1,0,0,0,1,75818-46626-50727,6048
382,1570,580,5305,362189,362986,0,1,1,0,0,2,11434-52754-2857,6785
383,3398,10105,5313,362598,363196,0,1,0,0,0,1,29127-13859-77311,4926
384,2682,83,5343,363779,365171,0,1,2,0,0,3,22555-39469-49972-186,12442
385,357,7203,5052,368632,369229,0,1,0,0,0,1,60467-39688-65705,5026
386,2338,2781,4134,369582,369978,0,1,0,0,0,1,34699-33916,2682
387,188,3549,5354,369650,370247,0,1,0,0,0,1,573-26832-30909,5814
388,4773,2103,4616,370739,371338,0,1,0,0,0,1,47818-41300-16503,4984
389,2238,6481,4015,370982,371576,0,1,0,0,0,1,24593-586-62817,2618
390,6749,2442,4707,372367,372967,0,1,0,0,0,1,63888-41261-20656,5150
391,5909,2021,4315,372797,373798,0,1,1,0,0,2,60096-58034-55365-15698,7867
392,5247,5475,3870,373931,374727,0,1,0,0,0,1,51703-46623-49356-54062,4651
393,3452,2103,2335,374421,374818,0,1,0,0,0,1,47243-25015,2761
394,1443,7200,6287,375756,375756,0,0,0,0,0,1,-1,
395,3630,10553,3898,377739,378336,0,1,0,0,0,1,41835-47800-79105,3643
396,5868,4593,4877,378887,380081,0,1,1,0,0,2,58661-44168-20384-45302,5652
397,6547,1522,5898,379054,379851,0,1,0,0,0,1,63078-9061-1664-10981,5264
398,9361,4311,6105,379626,381023,0,1,2,0,0,3,74336-64603-64604-41922,5382
399,2496,6261,4150,381120,381909,0,1,1,0,0,2,48925-37840-61937,6157
400,1776,4848,6241,381126,381921,0,1,0,0,0,1,17943-9983-68671-68672,6895
401,8455,10183,4426,381315,382111,0,1,0,0,0,1,70712-40518-10213-77623,5641
402,9216,9554,3985,382595,383986,0,1,1,0,0,2,73754-1380-59814-75109,11072
403,5757,1055,4300,384247,384840,0,1,0,0,0,1,57298-53251-17012,7713
404,1159,5361,5829,385125,386124,0,1,1,0,0,2,7240-51665-60558-53354,5978
405,1101,6158,5036,385421,386019,0,1,0,0,0,1,6938-1034-61523,3505
406,10199,7802,4498,386107,386903,0,1,0,0,0,1,77688-30313-38000-68101,5832
407,8559,9452,5110,389428,390226,0,1,0,0,0,1,71126-53650-35239-74701,10496
408,3614,5798,5895,389966,390567,0,1,0,0,0,1,49678-55139-57850,3693
409,7279,1277,4786,390186,390783,0,1,0,0,0,1,66008-3131-8859,4546
410,9670,10072,5610,390513,391700,0,1,2,0,0,3,75572-11330-52679-77181,6809
411,9588,9235,4282,390872,391870,0,1,1,0,0,2,75244-28982-29367-73833,6643
412,7853,10013,6230,391378,391973,0,1,0,0,0,1,68304-52749-76945,4541
413,2362,4805,3535,391651,392247,0,1,0,0,0,1,20705-20272-48720,2469
414,9443,70,5211,394143,394540,0,1,0,0,0,1,74662-13443,3525
415,3943,8798,4225,394462,395060,0,1,0,0,0,1,35739-53450-72083,4055
416,4569,9701,4153,397871,398671,0,1,0,0,0,1,44875-42674-30103-75697,7946
417,5222,2457,6265,397879,398674,0,1,0,0,0,1,51407-8510-15171-20215,3756
418,4116,9342,5981,398106,398704,0,1,0,0,0,1,38250-14695-74259,3592
419,5760,9312,4754,398518,398916,0,1,0,0,0,1,59657-74139,3957
420,1912,10849,4715,398957,399948,0,1,0,0,0,1,14585-10396-12555-67925-80289,8034
421,561,2890,4110,399043,399439,0,1,0,0,0,1,23683-24814,2376
422,4019,5314,5706,399459,400057,0,1,0,0,0,1,36947-16863-52568,3081
423,2261,5655,5630,400117,400517,0,1,0,0,0,1,35446-56073,1081
424,10797,5540,4780,400564,401358,0,1,0,0,0,1,80080-55791-44998-54614,7705
425,1409,9937,6039,400598,401586,0,1,1,0,0,2,8934-45363-45295-76639,4669
426,6560,3639,3760,402482,402878,0,1,0,0,0,1,63132-31981,4377
427,3771,6195,3976,403152,403951,0,1,0,0,0,1,33342-33303-19542-61671,8236
428,3343,5942,4762,403625,404419,0,1,0,0,0,1,28945-31496-52194-60835,6822
429,5565,5289,5297,403868,404265,0,1,0,0,0,1,54829-52289,2029
430,10234,7219,3896,407413,408209,0,1,0,0,0,1,77826-33881-44422-65767,4380
431,3729,406,6607,407511,408106,0,1,0,0,0,1,42036-41993-1916,3120
432,2974,6659,3522,408148,408148,0,0,0,0,0,1,-1,
433,9766,9312,3798,409310,409907,0,1,0,0,0,1,75954-260-74139,6737
434,2614,2909,2887,409385,409783,0,1,0,0,0,1,23720-47025,3424
435,8051,10824,3541,410041,411236,0,1,1,0,0,2,69094-43018-48104-51653-80187,8233
436,1423,2035,6038,410180,410777,0,1,0,0,0,1,9087-6543-15850,6012
437,5240,8479,4836,412542,413140,0,1,0,0,0,1,53885-52485-70809,7021
438,10324,9520,2688,412699,413292,0,1,0,0,0,1,78188-54462-74971,3121
439,1470,6365,5415,413835,414434,0,1,0,0,0,1,9495-26816-62351,5763
440,9888,5550,3994,414060,415256,0,1,1,0,0,2,76442-10509-53008-54780,6379
441,6091,5196,5293,414265,414862,0,0,1,0,0,2,61256-55237-56436-51206,7443
442,2886,1385,5448,416281,416281,0,0,0,0,0,1,-1,
443,8142,2803,5122,416409,417005,0,1,0,0,0,1,69458-51217-23969,6888
444,7039,6787,5274,417045,417838,0,1,0,0,0,1,65046-7249-48152-64039,5282
445,5723,6830,5368,419189,419980,0,1,0,0,0,1,57537-24780-13841-64211,5384
446,6094,7246,5030,419677,420472,0,1,0,0,0,1,61266-60669-60672-65877,3998
447,10056,4262,5111,419790,420981,0,1,1,0,0,2,77116-49815-49732-39858,8282
448,3852,7503,4514,421646,422241,0,1,0,0,0,1,34421-9521-66905,5892
449,2742,4347,4811,425270,425865,0,1,0,0,0,1,23368-40120-41361,7363
450,10356,1050,4976,425451,425850,0,1,0,0,0,1,78314-6326,4431
451,8255,4707,3041,426651,427247,0,1,0,0,0,1,69912-25216-46872,7658
452,494,2299,4572,430629,431031,0,0,1,0,0,2,32390-43159-18784,6178
453,4519,4308,4793,432202,433000,0,1,0,0,0,1,44029-52656-23695-40578,7104
454,4949,10708,4721,432228,433023,0,1,0,0,0,1,49474-50718-49254-79723,7882
455,8129,2789,4958,432241,433037,0,1,0,0,0,1,69406-13126-53233-23822,4011
456,3761,5984,3429,432571,433167,0,0,1,0,0,2,33140-53243-52994-60553,9042
457,2187,10,4290,433064,433659,0,1,0,0,0,1,17643-11087-10950,2871
458,1726,89,4388,434727,435519,0,1,0,0,0,1,12557-1847-15024-207,7328
459,4596,2665,4933,435002,435595,0,1,0,0,0,1,47400-13487-22491,4226
460,7045,3111,5864,440443,441240,0,1,0,0,0,1,65070-16814-15033-27059,5808
461,6309,2444,4801,440845,441444,0,1,0,0,0,1,62128-14351-20060,6518
462,2143,9781,4754,441412,442208,0,1,0,0,0,1,17031-5707-3700-76017,6500
463,3271,1254,4219,441793,442584,0,1,0,0,0,1,28448-56369-8602-7763,7818
464,1606,5068,5405,442179,443175,0,1,1,0,0,2,21963-56013-50092,4572
465,6296,8121,2602,442300,442894,0,1,0,0,0,1,62074-47457-69377,6001
466,8108,5998,7359,442369,444158,0,1,3,0,0,4,69324-8152-33093-19815-60878,11524
467,7563,21,5605,442954,443549,0,1,0,0,0,1,67144-18741-18652,3281
468,10491,9849,4635,443511,444303,0,1,0,0,0,1,78856-13148-24111-76289,9510
469,7433,7218,5272,445018,445813,0,1,0,0,0,1,66622-53210-56381-65765,5866
470,5333,4421,3438,445791,445791,0,0,0,0,0,1,-1,
471,1140,2728,5250,447040,447635,0,1,0,0,0,1,7143-3016-23608,4326
472,490,5447,4566,447712,448509,0,1,0,0,0,1,14760-9307-52994-53820,4421
473,6264,1328,3565,449318,450115,0,1,0,0,0,1,61946-27143-1048-8396,5092
474,2945,9337,4864,450149,450744,0,1,0,0,0,1,25450-31657-74239,3858
475,9753,510,4295,450573,451568,0,1,1,0,0,2,75902-55154-40843-2587,4650
476,3983,7410,5049,451039,451835,0,1,0,0,0,1,40693-60669-60672-66533,5341
477,10675,1366,4052,452248,452845,0,1,0,0,0,1,79592-9611-8665,2744
478,1071,3330,4671,454807,455601,0,1,0,0,0,1,6796-39995-40273-28836,6490
479,9478,10336,5007,455352,459745,0,1,1,1,0,3,74804-12930-10352-78235,5786
480,1139,10756,6408,456608,457005,0,1,0,0,0,1,7152-79915,3457
481,8296,6942,5669,456776,457371,0,1,0,0,0,1,70076-13886-64661,4007
482,563,7288,4087,457540,457540,0,0,0,0,0,1,-1,
483,5056,7317,5842,458320,458320,0,0,0,0,0,1,-1,
484,6431,9545,3615,459988,460786,0,1,0,0,0,1,62614-34395-49790-75073,4124
485,6001,1464,4571,460492,461291,0,1,0,0,0,1,60889-44999-8510-9401,4414
486,9800,2691,4473,461060,461660,0,1,0,0,0,1,76092-5461-22630,3634
487,5928,3216,4010,461086,461683,0,1,0,0,0,1,59660-46714-40833,4418
488,8062,1471,5533,461733,462332,0,1,0,0,0,1,69138-3860-9455,5789
489,598,885,3714,462830,463228,0,1,0,0,0,1,17331-15138,4370
490,4079,6482,3824,463093,464283,0,1,1,0,0,2,37723-52754-80835-80836,8091
491,4377,1661,4085,463348,463948,0,1,0,0,0,1,42463-10024-12325,4619
492,9937,3345,4950,465231,466027,0,1,0,0,0,1,76638-58614-53011-28948,5326
493,8848,7432,5281,467093,467892,0,1,0,0,0,1,72284-22063-4055-66621,7689
494,828,5927,4975,467539,468534,0,1,2,0,0,3,4578-9886-59629,6573
495,9414,8678,4590,468507,469302,0,1,0,0,0,1,74546-22615-20110-71605,6938
496,8518,7059,5447,468619,469216,0,1,0,0,0,1,70962-726-65129,8007
497,6999,6958,4709,468659,469850,0,1,1,0,0,2,64886-20115-52993-49581-64723,6946
498,6968,4967,4973,470316,471108,0,0,2,0,0,3,64762-1963-52994-49510,6134
499,8032,2833,4731,471897,472895,0,1,1,0,0,2,69020-19346-27201,4606
500,7907,1332,4868,472511,473106,0,1,0,0,0,1,68518-14752-20719,4460
501,1460,3643,6535,473262,473660,0,1,0,0,0,1,23755-41816,2317
502,6077,5883,6477,473844,474442,0,1,0,0,0,1,61200-48394-59903,8376
503,5167,5810,6348,473853,474451,0,1,0,0,0,1,50999-44999-57876,3102
504,9463,7098,4819,474489,475491,0,1,0,0,0,1,74744-24577-48000-46283-65283,6678
505,8847,4124,6522,475087,476278,0,1,1,0,0,2,72280-17463-48499-38032,6815
506,2529,4283,6743,475815,476414,0,1,0,0,0,1,20960-1295-40266,4242
507,10752,2379,4379,478795,479393,0,1,0,0,0,1,79900-53457-46806,8710
508,4283,2725,6170,480164,481160,0,1,1,0,0,2,72601-72598-3911-23182,9126
509,5682,1064,2908,480853,481658,0,1,0,0,0,1,56341-57616-57625-8051,3722
510,3934,7204,5707,480953,481549,0,1,0,0,0,1,36751-32508-65707,6528
511,4445,3590,4885,482242,482839,0,1,0,0,0,1,42650-19402-31300,6229
512,2274,145,5779,484202,484798,0,1,0,0,0,1,21535-1950-604,4474
513,5036,1695,6198,484402,488597,0,1,0,1,0,2,49653-53978-51817-12340,7148
514,7769,8436,4686,485769,486361,0,1,0,0,0,1,67966-27508-70635,4839
515,10273,9821,6225,486454,487251,0,1,0,0,0,1,77982-41378-59579-76175,8101
516,5014,2294,5580,487837,487837,0,0,0,0,0,1,-1,
517,3823,2577,3356,488245,491840,0,1,0,1,0,2,34102-52732-21576,3354
518,9590,9495,5000,490321,490917,0,1,0,0,0,1,75252-6372-74873,5847
519,5569,2765,3732,491271,492267,0,1,0,0,0,1,54837-57616-57631-58375-23526,9017
520,758,4548,5082,491375,491970,0,1,0,0,0,1,4208-41301-44542,7236
521,659,8197,4182,493505,494499,0,1,1,0,0,2,7844-46559-69679,2610
522,5217,8357,3747,493518,494313,0,1,0,0,0,1,51343-47826-15997-70321,8306
523,7430,6340,4389,493929,494526,0,1,0,0,0,1,66612-10957-62251,4422
524,10057,1456,5431,494420,495613,0,1,1,0,0,2,77118-25692-58397-41128,5935
525,6249,3073,5264,494428,495421,0,1,1,0,0,2,61888-9033-14052-26619,8143
526,5323,3621,4751,494494,495089,0,1,0,0,0,1,52937-41222-31748,4801
527,4149,3064,5812,494620,495417,0,1,0,0,0,1,38475-8324-38783-26538,6854
528,9006,7760,7547,495153,496954,0,1,2,0,0,3,72914-6792-15403-67931,6242
529,7207,8301,4088,496390,497180,0,1,0,0,0,1,65718-19213-9818-70097,7958
530,331,1201,4738,498469,499066,0,1,0,0,0,1,1144-5691-7461,6483
531,4005,9263,3995,499050,499645,0,1,0,0,0,1,47052-38903-73943,3665
532,1056,2821,4372,501115,501710,0,1,0,0,0,1,6387-9774-24209,4649
533,5595,2785,6374,502033,502630,0,1,0,0,0,1,55117-19270-23799,3645
534,6377,6982,3154,502174,502574,0,1,0,0,0,1,62398-64821,4091
535,6744,7799,7012,504208,504806,0,1,0,0,0,1,63868-24933-68087,8057
536,1182,1351,5543,506459,506459,0,0,0,0,0,1,-1,
537,10664,5921,4473,506783,507972,0,1,1,0,0,2,79546-31816-41128-59580,9563
538,9156,3954,4416,507628,508226,0,1,0,0,0,1,73516-8675-35886,3934
539,7823,3498,5861,509704,510301,0,1,0,0,0,1,68184-11543-30480,5262
540,3518,3305,4279,509787,510580,0,1,0,0,0,1,30591-2242-53011-28764,7759
541,4505,3757,4133,511793,512784,0,1,1,0,0,2,43833-40368-2234-33119,8814
542,3601,8774,2504,512288,512884,0,1,0,0,0,1,39684-2748-71989,4667
543,10850,2842,4467,514938,515538,0,1,0,0,0,1,80290-7733-24325,4045
544,9034,8602,3692,515441,516236,0,1,0,0,0,1,73028-52699-53942-71301,10252
545,4418,4578,4592,516380,516976,0,1,0,0,0,1,46965-41510-45030,4410
546,9806,9338,5655,516519,517118,0,1,0,0,0,1,76114-52737-74245,4055
547,120,5863,3713,516690,517090,0,1,0,0,0,1,295-58788,1616
548,8389,9695,5791,517255,517853,0,1,0,0,0,1,70446-52732-75671,3110
549,1990,5635,3711,517607,518206,0,1,0,0,0,1,15347-40820-55723,3190
550,9571,263,4788,518830,519230,0,1,0,0,0,1,75174-31779,1478
551,6288,3986,5489,518860,519458,0,1,0,0,0,1,62042-30043-36272,4232
552,6642,265,4516,521698,522094,0,1,0,0,0,1,63460-24609,3171
553,5891,2218,3641,523148,523744,0,1,0,0,0,1,59123-10958-18437,4426
554,280,8783,5434,523476,524270,0,1,0,0,0,1,917-1839-1795-72023,8446
555,9773,2469,5413,525435,527628,0,1,3,0,0,4,75984-53231-1944-80587-80588,8937
556,2019,8841,4923,525765,526363,0,1,0,0,0,1,15679-23477-72257,5467
557,6429,4856,3793,525860,526659,0,1,0,0,0,1,62606-4560-2137-51546,7574
558,2726,694,6408,525963,526953,0,1,0,0,0,1,41769-41658-43593-20804-17299,7459
559,3375,10664,3883,526655,527450,0,1,0,0,0,1,43567-43522-21413-79549,5314
560,83,54,4854,526920,527316,0,1,0,0,0,1,187-389,2811
561,9061,4291,5922,527120,527723,0,1,0,0,0,1,73134-38957-40442,4591
562,3838,2564,5294,527453,528053,0,1,0,0,0,1,47350-17132-21439,3874
563,8165,3367,3579,527541,528343,0,1,0,0,0,1,69550-27692-27809-29024,4359
564,8723,8574,4471,527808,528407,0,1,0,0,0,1,71782-52752-71189,4818
565,10793,3745,5915,529320,529919,0,1,0,0,0,1,80062-50016-52408,5024
566,9546,1590,5671,530648,531240,0,1,0,0,0,1,75076-9802-11617,5040
567,6689,4301,5142,530714,531309,0,1,0,0,0,1,63648-44616-41199,9572
568,1141,4193,5204,530726,534125,0,1,0,1,0,2,7144-48655,4711
569,10174,3314,4783,531010,531810,0,1,0,0,0,1,77588-31113-31179-28782,5134
570,888,3260,4864,533084,533685,0,1,0,0,0,1,5027-27132-29461,2551
571,6966,728,4754,533561,534158,0,1,0,0,0,1,64754-42334-7523,6337
572,2286,6914,6114,535734,536331,0,1,0,0,0,1,18717-52753-64547,6903
573,6695,9523,3557,535907,536504,0,1,0,0,0,1,63672-33597-74983,4392
574,4819,8817,3987,535927,536725,0,1,0,0,0,1,48331-56736-50571-72159,5043
575,6593,2659,3354,537582,538179,0,1,0,0,0,1,63262-35002-22359,3134
576,5830,759,5411,538150,538741,0,1,0,0,0,1,58177-48230-56095,8444
577,6197,7268,3970,538596,539591,0,1,0,0,0,1,61678-25555-28186-65969-65966,5420
578,1575,3349,4334,541150,542140,0,1,1,0,0,2,11454-13805-38465-28956,5521
579,502,474,4769,541973,542370,0,1,0,0,0,1,3129-11894,1865
580,2961,1390,5034,544354,545550,0,1,1,0,0,2,25670-7820-4238-8800,7744
581,3014,4070,3310,545126,545723,0,1,0,0,0,1,26079-25800-38318,4395
582,2935,2028,4503,545237,549028,0,1,0,1,0,2,29071-4488-15783,4150
583,2966,1282,6096,547666,547666,0,0,0,0,0,1,-1,
584,2800,3982,4425,548747,549545,0,1,0,0,0,1,23933-53307-1942-38985,4340
585,1985,6781,4220,549358,549952,0,1,0,0,0,1,38310-29863-64017,4568
586,10448,3418,5729,550827,551422,0,1,0,0,0,1,78684-47538-59685,6840
587,7586,1564,4867,554090,555089,0,1,0,0,0,1,67236-50656-37866-31939-11375,8059
588,3562,343,4920,554162,557561,0,1,0,1,0,2,33995-52744,1063
589,2563,8560,6454,554877,555674,0,1,0,0,0,1,21611-2837-3689-71133,7015
590,7033,7539,2962,556422,557422,0,1,0,0,0,1,65024-57224-51533-13174-67049,8267
591,9290,1955,3927,557385,557983,0,1,0,0,0,1,74052-25021-14987,4235
592,10271,6132,4491,557677,558471,0,1,0,0,0,1,77976-56596-53014-61421,8235
593,6630,4363,4552,558513,559314,0,1,0,0,0,1,63412-413-45786-41549,4844
594,9652,8959,3403,559137,559733,0,1,0,0,0,1,75500-11235-72729,3432
595,8610,9510,5228,560363,561156,0,1,0,0,0,1,71332-59633-13707-74931,6408
596,9096,164,4595,560919,561706,0,1,0,0,0,1,73276-33511-33517-492,5118
597,9341,3743,5096,562545,563142,0,1,0,0,0,1,74256-58025-56034,2742
598,6664,10000,6056,563046,564043,0,1,1,0,0,2,63546-7802-76893,6486
599,5512,6318,6116,563489,564084,0,1,0,0,0,1,54383-56516-62163,7221
600,5355,10549,3818,564625,565615,0,1,0,0,0,1,53343-55594-53220-33413-79089,8005
601,4632,4245,4816,564821,565421,0,1,0,0,0,1,47257-31655-39650,6557
602,4954,3579,5812,564837,565835,0,1,0,0,0,1,49485-58440-27078-4957-31180,5901
603,6507,5611,4295,565229,566025,0,1,0,0,0,1,62920-8603-53008-55356,4295
604,5304,5943,4763,565528,566125,0,1,0,0,0,1,52847-19435-59951,4068
605,312,6888,5733,565631,565830,0,0,1,0,0,2,73075-73076-69418-23329-31890-64443,14599
606,1217,1033,5964,565820,566416,0,1,0,0,0,1,7570-11516-6763,3416
607,9959,7972,3535,567132,570934,0,1,0,1,0,2,76726-28140-68779,4313
608,1985,7937,6388,567966,568361,0,1,0,0,0,1,38310-68641,4656
609,8213,513,4462,567981,568383,0,1,0,0,0,1,69742-10574,1725
610,8412,7732,4570,568938,569928,0,1,1,0,0,2,70538-52372-43610-67819,8124
611,9831,6537,5705,568997,569792,0,1,0,0,0,1,76214-57523-536-63039,8606
612,1458,2781,6962,572113,572710,0,1,0,0,0,1,9371-23477-23744,6854
613,6794,10797,5332,574391,575191,0,1,0,0,0,1,64066-15877-8977-80079,6704
614,1592,7292,4952,574453,575455,0,1,1,0,0,2,11621-6638-20683-66061,4539
615,8456,1637,2498,576552,577149,0,1,0,0,0,1,70716-5159-12100,5759
616,2412,2463,5884,577240,578029,0,1,0,0,0,1,19791-260-37512-20295,7372
617,10297,6960,3867,577433,578033,0,1,0,0,0,1,78078-59121-64731,5164
618,4054,7450,3925,578667,579265,0,1,0,0,0,1,37267-53016-66691,4115
619,9517,2891,5491,579554,580355,0,1,1,0,0,2,74958-40994-24817,8208
620,6088,4310,5313,582845,583442,0,1,0,0,0,1,61242-23263-50224,4773
621,9644,5034,4493,584143,585537,0,1,1,0,0,2,75466-27513-13126-52993-49648,8424
622,10101,1309,5354,585689,586481,0,1,0,0,0,1,77296-11405-1048-8151,3892
623,10452,4436,5442,587034,587827,0,1,0,0,0,1,78700-33381-33364-42511,4643
624,377,65,3743,588370,588967,0,1,0,0,0,1,10753-11052-136,3482
625,5987,7273,6022,588376,593967,0,1,2,1,0,4,60640-29825-28582-27167-65983,9223
626,4908,1663,4928,590605,591406,0,1,0,0,0,1,49379-26680-13521-12140,7915
627,6574,2720,6965,591066,591866,0,1,0,0,0,1,63186-32927-34201-57398,5227
628,1957,3129,4268,591911,592709,0,1,0,0,0,1,15007-59479-42350-27229,7087
629,5153,10061,3292,591940,592539,0,1,0,0,0,1,50809-23776-77135,5353
630,4865,631,3985,592965,593962,0,1,0,0,0,1,48917-52412-30169-30272-3206,5916
631,9114,5523,5942,596324,597121,0,1,0,0,0,1,73346-6445-44617-54406,5333
632,7587,5302,5858,597936,599132,0,1,1,0,0,2,67238-64054-32043-45511-52503,7045
633,9293,3569,5472,598404,599002,0,1,0,0,0,1,74062-22050-31347,4369
634,2868,311,5503,598455,599050,0,1,0,0,0,1,24602-7392-1027,7344
635,10689,2933,5526,598799,599400,0,1,0,0,0,1,79646-19121-25278,4903
636,4251,1712,4662,600201,600796,0,1,0,0,0,1,48874-37011-24866,2648
637,8135,10199,5045,600542,601338,0,1,0,0,0,1,69430-60167-26611-77687,4532
638,5076,1966,4861,602500,603096,0,1,0,0,0,1,60909-59663-15076,5313
639,5458,3375,7271,602656,603252,0,1,0,0,0,1,54489-23575-29040,3798
640,10884,6402,2601,602755,603551,0,1,0,0,0,1,80426-38148-24780-62501,7844
641,2565,5609,3757,603218,603812,0,1,0,0,0,1,25881-50017-55351,5343
642,4209,581,6176,603258,603854,0,1,0,0,0,1,51371-8842-5291,7165
643,3386,10036,4125,603779,604574,0,1,0,0,0,1,29063-31460-33153-77037,5314
644,9091,6528,6299,605618,606611,0,1,0,0,0,1,73254-64934-56981-55902-63003,9600
645,10872,3786,4755,606518,607111,0,1,0,0,0,1,80378-50035-34216,3387
646,10294,1156,5739,607624,608220,0,1,0,0,0,1,78068-28560-7217,3437
647,9565,3898,3711,608911,609506,0,1,0,0,0,1,75150-3860-38997,4217
648,7725,2979,6137,610864,611663,0,1,0,0,0,1,76565-76562-53011-25822,6634
649,1295,1451,4696,612612,614006,0,1,2,0,0,3,8082-1030-3575-9317,9002
650,4036,2589,5682,613319,613717,0,1,0,0,0,1,37081-24976,1671
651,5854,10266,4342,614330,615131,0,1,0,0,0,1,58324-49157-49981-77957,6884
652,7779,10267,4571,614342,615137,0,1,0,0,0,1,68008-38930-7797-77959,3919
653,3368,1518,5130,614665,618261,0,1,0,1,0,2,29027-23574-23685,5810
654,5696,1252,6642,614910,616504,0,1,2,0,0,3,56616-53251-6372-7743,10749
655,7203,9657,4955,616607,617210,0,1,0,0,0,1,65704-9420-75519,2375
656,10448,2698,5818,617709,618709,0,1,1,0,0,2,78684-11310-25021-22704,7572
657,10125,2103,3425,619550,620348,0,1,1,0,0,2,77390-6948-17507,5490
658,10093,4414,4083,621106,621703,0,1,0,0,0,1,77264-15802-57809,4619
659,9553,5657,5838,622076,623462,0,1,1,0,0,2,75102-8289-20154-71125-71122,5726
660,7236,5756,5314,624059,624660,0,1,0,0,0,1,65834-46834-57288,8483
661,10156,5886,3725,625576,626172,0,1,0,0,0,1,77514-48201-59018,5571
662,6670,1801,5739,627357,627955,0,1,0,0,0,1,63570-58615-13292,4471
663,7067,4963,5858,629004,630197,0,1,1,0,0,2,65158-61886-6367-52994-49502,9550
664,1733,7339,4898,633365,633957,0,1,0,0,0,1,12814-2181-66247,2734
665,4630,8465,4982,633947,634544,0,1,0,0,0,1,45749-48200-70751,4404
666,7551,350,4725,636258,636852,0,1,0,0,0,1,67096-35952-21420,2644
667,3960,1949,6462,636548,637145,0,1,0,0,0,1,50199-1414-14915,4673
668,6652,7011,5422,637592,638187,0,1,0,0,0,1,63498-43088-64937,3448
669,5954,8571,5328,638739,639536,0,1,0,0,0,1,60109-41300-10131-71177,5263
670,1886,10597,4689,639670,640269,0,1,0,0,0,1,14569-4669-79281,3470
671,2137,8995,6178,640050,640649,0,1,0,0,0,1,17102-53419-72871,7172
672,63,4285,4543,640736,641335,0,1,0,0,0,1,46111-41828-40386,5506
673,3132,9796,6228,640737,641331,0,1,0,0,0,1,40376-11140-76075,2829
674,4455,2360,5967,642747,643346,0,1,0,0,0,1,42852-40164-19389,5689
675,8877,2860,2161,644801,645395,0,1,0,0,0,1,72400-33562-57095,2608
676,9854,4080,4307,646181,646779,0,1,0,0,0,1,76308-726-37544,6298
677,8944,5855,4428,646290,647082,0,1,0,0,0,1,72668-43213-47011-58328,10870
678,10697,1235,4092,646837,647232,0,1,0,0,0,1,79680-7657,2860
679,10008,5601,4351,647081,647674,0,1,0,0,0,1,76922-8206-55177,5689
680,5455,8303,6195,649401,651391,0,0,4,0,0,5,53868-52995-6838-70105,9974
681,4088,5483,6241,650471,651264,0,1,0,0,0,1,37785-53313-52994-54085,5125
682,5238,6643,5040,652937,653736,0,1,0,0,0,1,51618-47010-10733-63463,4808
683,8447,1923,4416,653442,654437,0,1,1,0,0,2,70680-13295-52263-14690,6363
684,8773,2142,5403,653745,654340,0,1,0,0,0,1,71984-19318-17027,7166
685,1946,3719,4150,653904,654501,0,1,0,0,0,1,14900-929-32898,4473
686,6324,9764,4444,654740,655338,0,1,0,0,0,1,62186-58506-75949,8288
687,9358,7708,5553,659354,659954,0,1,0,0,0,1,74322-5302-67725,3571
688,930,2362,2919,662263,662658,0,1,0,0,0,1,52739-20704,1750
689,5450,2427,5774,662676,663275,0,1,0,0,0,1,53831-52995-20080,3917
690,8811,431,4507,662824,663419,0,1,0,0,0,1,72136-44480-54159,5081
691,6730,9486,5366,663796,664790,0,1,1,0,0,2,63810-52654-74837,6550
692,8881,10244,4983,665204,668798,0,1,0,1,0,2,72416-55838-77867,8133
693,4211,827,5037,669990,670589,0,1,0,0,0,1,39181-16978-4565,2321
694,5043,9805,5102,671470,672069,0,1,0,0,0,1,57039-37941-76111,6762
695,54,7708,5913,672537,672936,0,1,0,0,0,1,46472-67723,3430
696,388,10266,3884,673430,674028,0,1,0,0,0,1,42378-261-77957,5375
697,9198,987,6690,674007,674605,0,1,0,0,0,1,73684-3881-5593,5425
698,9217,657,5161,675649,676047,0,1,0,0,0,1,73758-3774,4827
699,766,2629,6305,675775,676371,0,1,0,0,0,1,22165-22713-22144,3077
700,442,4876,5447,676826,677619,0,1,0,0,0,1,2154-52688-41816-49097,10748
701,7318,7519,4719,677032,678225,0,1,1,0,0,2,66162-63586-12971-50102-66967,8497
702,7305,8326,4023,677617,678409,0,1,0,0,0,1,78519-78520-4758-70197,7550
703,7313,10116,5924,679896,680493,0,1,0,0,0,1,66144-53214-77355,7268
704,3840,146,4947,684663,685461,0,1,0,0,0,1,37342-1646-1019-415,8975
705,7987,5220,5674,684752,685344,0,1,0,0,0,1,68840-3889-51362,6572
706,5008,3326,5885,686202,686600,0,0,1,0,0,2,49592-49357-28828,5770
707,6557,3981,4724,686546,687737,0,1,1,0,0,2,63118-26190-36199-35469-36233,7850
708,6075,1240,4386,686577,687168,0,1,0,0,0,1,61192-6912-7691,5475
709,8194,813,4792,686846,687645,0,1,0,0,0,1,69668-21547-21524-4502,4908
710,6535,2870,6701,687404,688595,0,1,1,0,0,2,63030-13455-23872-24631,8710
711,3511,9214,5247,687414,687414,0,0,0,0,0,1,-1,
712,10190,10846,4083,690059,691057,0,1,1,0,0,2,77652-53680-18745-80277,5174
713,7632,3231,5304,692806,693404,0,1,0,0,0,1,67418-52760-43022,2320
714,10008,5682,4459,693035,693834,0,1,0,0,0,1,76922-58773-46179-58668,6612
715,10906,8700,5342,695142,695741,0,1,0,0,0,1,80514-4228-71691,2216
716,10845,3017,4858,698379,699973,0,1,3,0,0,4,80272-7954-11164-26098,5219
717,5686,430,4379,699140,699338,0,0,1,0,0,2,56425-55840-5343-52737-2100,9810
718,1767,3872,6226,700819,703217,0,1,5,0,0,6,12885-13823-18000-34640,8396
719,9399,10641,5169,701561,702556,0,1,1,0,0,2,74486-53137-15269-79455,6407
720,5598,10891,5848,702702,704293,0,1,2,0,0,3,55162-63963-63964-53000-80455,13117
721,9592,5112,4787,703202,703800,0,1,0,0,0,1,75258-9368-50438,5727
722,855,3826,5692,704140,704738,0,1,0,0,0,1,23625-52702-34137,4109
723,1445,4168,5081,704366,704959,0,1,0,0,0,1,9251-12039-38690,5499
724,545,1433,6558,705753,706147,0,1,0,0,0,1,2676-9188,2365
725,8234,7609,4433,706774,707366,0,1,0,0,0,1,69828-50789-67327,8927
726,160,6058,4052,707820,708417,0,1,0,0,0,1,33180-32986-61125,4480
727,5988,4862,6334,708011,708606,0,1,0,0,0,1,60663-38680-51581,2500
728,6610,976,5557,708347,708347,0,0,0,0,0,1,-1,
729,4606,6215,5681,709698,710491,0,1,0,0,0,1,45605-44999-35036-61751,7220
730,9179,10479,4805,709908,710504,0,1,0,0,0,1,73606-4738-78807,7024
731,7427,9809,3149,710050,710844,0,1,0,0,0,1,66598-3657-15857-76129,4742
732,3653,9370,6033,710437,711237,0,1,1,0,0,2,42046-41993-74373,5773
733,3789,1439,4785,710960,711553,0,1,0,0,0,1,33730-9589-11042,5722
734,8374,6317,2521,711201,711795,0,1,0,0,0,1,70386-33909-62161,3960
735,3373,3731,4609,711680,712478,0,1,0,0,0,1,29037-35134-35060-33109,4043
736,6300,7398,4718,713184,713780,0,1,0,0,0,1,62090-17169-66485,5907
737,8709,1012,5855,714720,715318,0,1,0,0,0,1,71728-23476-6078,6471
738,3749,9694,4668,714811,715406,0,1,0,0,0,1,33046-22841-75669,3299
739,2933,6491,4199,714901,715497,0,1,0,0,0,1,48250-45169-62855,6216
740,5827,3436,4389,714965,715760,0,1,0,0,0,1,58171-47698-46320-29674,7548
741,6715,1641,4750,715417,716013,0,1,0,0,0,1,63750-30272-12018,5230
742,8283,2040,5830,716118,716912,0,1,0,0,0,1,70022-36968-45787-15896,6675
743,4290,2661,4573,716551,717141,0,1,0,0,0,1,40434-5055-32102,2779
744,3402,3655,5631,718552,719147,0,1,0,0,0,1,29198-31891-32302,6624
745,298,7088,4488,718625,719418,0,1,1,0,0,2,987-1719-65245,6622
746,8095,741,4396,719149,719946,0,1,0,0,0,1,69272-49184-28847-4040,4093
747,2700,8565,6027,719201,719798,0,1,0,0,0,1,25882-52754-71151,5979
748,4200,8918,4900,721850,722642,0,1,0,0,0,1,39052-37090-30139-72563,6963
749,2636,427,3931,723777,724572,0,1,0,0,0,1,22239-53912-1079-11544,5717
750,1234,3762,4266,723838,724434,0,1,0,0,0,1,7655-33562-33147,3991
751,4772,1612,4169,724004,724604,0,1,0,0,0,1,47891-30060-11780,5878
752,2853,329,5760,724183,724778,0,1,0,0,0,1,24423-54476-17199,2579
753,3167,3878,4095,724966,725762,0,1,1,0,0,2,27821-261-34714,3676
754,6187,25,5660,726172,726966,0,1,0,0,0,1,61640-52755-7-46,6966
755,680,7576,4219,726429,727231,0,1,0,0,0,1,3531-51915-48112-67197,5541
756,9170,613,6467,726595,727399,0,1,0,0,0,1,73572-30650-14371-20247,4012
757,4474,1547,6130,726641,727437,0,1,0,0,0,1,50396-52389-41993-11248,4113
758,1494,4282,5077,726652,727052,0,1,0,0,0,1,10684-40258,1761
759,6006,4526,4891,731424,732018,0,1,0,0,0,1,60916-21364-44119,2675
760,2322,4805,6156,731492,732090,0,1,0,0,0,1,23064-26784-48138,2923
761,10785,9526,6616,732614,734011,0,1,2,0,0,3,80030-29369-54178-74997,8815
762,8347,10268,2949,733196,733791,0,1,0,0,0,1,70278-22997-77963,9022
763,1375,4200,5693,733720,734313,0,1,0,0,0,1,23603-48406-39053,6431
764,10810,802,4027,734736,735330,0,1,0,0,0,1,80130-10337-10532,2629
765,2618,4481,5859,735139,735537,0,1,0,0,0,1,56336-45633,2927
766,9021,7939,4483,735367,736163,0,1,0,0,0,1,72976-35334-3261-68649,6718
767,6727,9146,5495,735785,736978,0,1,1,0,0,2,63800-44999-35952-73475,6605
768,2289,9467,4227,736112,736704,0,1,0,0,0,1,47227-29988-74761,7069
769,4990,4200,5691,737884,738678,0,1,0,0,0,1,49557-58440-56518-39053,5423
770,4072,1491,3683,738341,739139,0,1,0,0,0,1,37472-37999-10524-10655,6959
771,1273,5650,6014,739873,740470,0,1,0,0,0,1,7869-31214-56029,4245
772,10922,9061,5050,740063,740662,0,1,0,0,0,1,80578-33484-73135,4371
773,4325,8450,3524,742302,742897,0,1,0,0,0,1,41228-59069-70691,3205
774,8955,10437,5573,744456,745052,0,1,0,0,0,1,72712-35388-78639,5590
775,7682,6103,4551,744545,745739,0,1,1,0,0,2,67620-41297-58132-61305,4610
776,8868,3533,6889,745698,747093,0,1,1,0,0,2,72362-57600-53071-50831-30760,8785
777,10602,1460,5823,748223,749620,0,1,2,0,0,3,79298-10829-10382,4990
778,7415,4982,4764,749853,750649,0,1,0,0,0,1,66550-51694-60519-49540,5263
779,8323,2820,5036,751250,751845,0,1,0,0,0,1,70182-50024-24548,4998
780,7053,4343,4269,751445,752043,0,1,0,0,0,1,65102-5159-41327,4952
781,7167,5609,3874,752139,753131,0,1,1,0,0,2,65558-27211-53304-55351,5573
782,4804,3658,6579,752479,753276,0,1,0,0,0,1,48093-40272-40274-32223,7557
783,3188,5422,3933,753693,754683,0,1,1,0,0,2,27754-21225-56382-53591,8700
784,307,7838,6214,754985,755782,0,1,0,0,0,1,1013-38532-41851-68243,4627
785,10970,3145,4318,755272,755870,0,1,0,0,0,1,80772-10170-28471,3170
786,3432,6281,6628,755706,756303,0,1,0,0,0,1,29603-53241-62017,4769
787,7236,6232,4243,756643,757633,0,1,1,0,0,2,65834-58566-60386-61819,7541
788,4428,1748,3843,756910,757509,0,1,0,0,0,1,58404-28560-12691,4388
789,1517,6786,5218,757404,758604,0,0,2,0,0,3,10919-10542-40820-35073-64037,6970
790,9459,9585,3362,757866,758459,0,1,0,0,0,1,74726-29518-75233,8387
791,1034,495,4614,758202,758797,0,1,0,0,0,1,24467-6877-2462,6286
792,3144,4295,5721,758536,758536,0,0,0,0,0,1,-1,
793,1133,7151,3320,758718,759313,0,1,0,0,0,1,7092-33093-65497,4690
794,6189,9539,5354,759121,759913,0,1,0,0,0,1,61646-22257-49356-75047,8443
795,10496,9878,5694,759315,760899,0,1,2,0,0,3,78874-59184-31531-76403,5829
796,10978,4023,5076,759841,761035,0,1,1,0,0,2,80804-44645-41222-36935,8297
797,3345,1679,5672,760771,761568,0,1,0,0,0,1,28949-23574-52682-12969,5333
798,9685,8487,4677,761568,762169,0,1,0,0,0,1,75632-5158-70841,4562
799,8419,2091,3879,765252,765846,0,1,0,0,0,1,70566-13749-16339,3173
800,8771,10705,6401,766953,767947,0,1,0,0,0,1,71976-62772-6638-7037-79711,8232
801,4065,1956,4087,767739,768338,0,1,0,0,0,1,37400-13355-15004,7901
802,6696,10589,7016,767818,768415,0,1,0,0,0,1,63674-7251-79247,5939
803,4596,1142,5718,767888,768487,0,1,0,0,0,1,47400-24780-7146,2973
804,9607,4947,7407,768934,770330,0,1,1,0,0,2,75318-23118-61523-61524,5429
805,6816,9605,6432,769694,770490,0,1,0,0,0,1,64154-39804-44335-75311,5811
806,9188,10050,6307,772599,773993,0,1,2,0,0,3,73642-16252-77903-77904,10181
807,7117,7989,3974,773853,774450,0,1,0,0,0,1,65360-53651-68849,6546
808,10170,5749,4414,775821,776415,0,1,0,0,0,1,77570-59342-57192,5474
809,2443,6161,3257,776400,777599,0,1,1,0,0,2,66417-66414-23441-35842-61535,12539
810,9160,8851,3880,776915,777909,0,1,0,0,0,1,73530-822-52755-33926-72295,9965
811,1070,9099,4077,778256,781854,0,1,0,1,0,2,6584-19263-73289,5196
812,1424,4217,5658,779117,779715,0,1,0,0,0,1,9092-5568-39299,6400
813,1023,8913,6489,779712,780309,0,1,0,0,0,1,17801-59208-72543,3330
814,10633,1722,5657,782442,783039,0,1,0,0,0,1,79422-3595-12537,2881
815,4629,1057,4384,784585,785381,0,1,0,0,0,1,45747-42614-28560-6401,8592
816,10639,9762,5741,786102,786894,0,1,0,0,0,1,79448-61378-52736-75941,7157
817,494,2837,3549,786527,786926,0,1,0,0,0,1,2461-24270,4376
818,6846,6942,4652,788664,789264,0,1,0,0,0,1,64274-35952-64661,3730
819,9628,6143,3987,788757,789553,0,1,0,0,0,1,75404-44884-59476-61465,8319
820,8787,9657,5036,789438,790235,0,1,0,0,0,1,72038-14149-9420-75519,4004
821,2158,5967,6543,789467,793466,0,1,0,1,0,2,17200-53259-53005-60228,6999
822,172,5167,4636,789563,790754,0,1,1,0,0,2,537-40874-41293-50998,7706
823,1185,3179,3526,790294,790890,0,1,0,0,0,1,7344-6639-27704,6266
824,4013,8822,5920,790818,791018,1,0,2,0,0,4,68035-68036-32121-72179,17522
825,10255,8354,5530,791051,791848,0,1,1,0,0,2,77910-39471-70309,5943
826,1279,8243,3551,793043,794038,0,1,1,0,0,2,7906-8214-69863,9184
827,2770,8263,6061,793573,794173,0,1,0,0,0,1,44884-43886-69943,4117
828,2536,988,6186,793785,794385,0,1,0,0,0,1,21040-13634-5599,5773
829,1451,909,4590,794074,794671,1,0,1,0,0,3,9316-887-24089,9112
830,10319,3779,5190,795061,795860,0,1,1,0,0,2,78166-23633-24612-33532,8332
831,6620,7743,4988,797181,797776,0,1,0,0,0,1,63370-18702-67863,4386
832,1232,357,5349,797280,797876,0,1,0,0,0,1,7645-929-34372,3614
833,472,9572,4458,798153,798749,0,1,0,0,0,1,2314-17895-75179,2583
834,7819,6467,3708,798504,799298,0,1,0,0,0,1,68168-30061-53141-62761,6175
835,3418,8741,5969,802418,803009,0,1,0,0,0,1,52920-34429-71855,5376
836,616,9444,5482,802730,803727,0,1,1,0,0,2,3085-55396-3192-74669,7858
837,606,9271,5776,802955,803551,0,1,0,0,0,1,3823-42651-73977,5648
838,3129,6715,2319,803971,804967,0,1,1,0,0,2,27228-16810-2137-63753,4119
839,5064,10228,5488,804014,804608,0,1,0,0,0,1,57766-38444-77803,3168
840,1175,2104,4372,804112,804706,0,1,0,0,0,1,7313-5110-16475,5073
841,3819,7378,4842,804554,805356,0,1,0,0,0,1,34139-41005-41293-66403,5694
842,8641,236,5025,804644,805041,0,1,0,0,0,1,71454-3247,2528
843,2282,6479,4922,805024,814204,0,1,3,2,0,6,29998-30138-44959-49250-62809,11733
844,5512,4934,4818,805218,806010,0,1,0,0,0,1,54383-46623-49356-49442,6879
845,7129,9603,3751,806229,806629,0,1,0,0,0,1,65408-75305,4805
846,6136,2244,5487,807783,808384,0,1,0,0,0,1,61434-37838-18261,5334
847,4709,7070,4593,808385,808385,0,0,0,0,0,1,-1,
848,8339,5583,3708,809056,809850,0,1,0,0,0,1,70248-54370-53318-54925,5189
849,3518,3709,5981,809964,810758,0,1,0,0,0,1,30591-40231-29522-32641,5678
850,10339,8336,5687,810378,810973,0,1,0,0,0,1,78248-42008-70237,6456
851,6088,199,4545,811826,812424,0,1,0,0,0,1,61242-22888-20485,4426
852,3530,6717,3812,811907,812503,0,1,0,0,0,1,30739-34-63759,6044
853,6719,786,5125,813364,813963,0,1,0,0,0,1,63768-5701-4300,5460
854,10580,10112,6445,814891,815688,0,1,0,0,0,1,79212-48411-17509-77341,5681
855,2475,5493,4124,815750,816148,0,1,0,0,0,1,20447-54130,1657
856,6736,49,4723,816120,816721,0,1,0,0,0,1,63836-13038-13069,3397
857,8033,405,3246,818038,818638,0,1,0,0,0,1,69022-41650-1913,5399
858,4479,183,5344,818171,818768,0,1,0,0,0,1,44426-22599-562,2761
859,9419,5233,5219,819187,819584,0,0,1,0,0,2,74566-3051-51514,5545
860,9031,1874,4852,819988,820781,0,1,0,0,0,1,73016-12350-15183-14272,8659
861,2897,9171,5641,823199,824194,0,1,1,0,0,2,24873-6496-73575,5694
862,6388,1299,2582,824833,825430,0,1,0,0,0,1,62442-21716-8099,7173
863,2321,1988,5906,825790,826387,0,1,0,0,0,1,19032-7737-31961,4622
864,10877,3,2646,826773,827371,0,1,0,0,0,1,80400-3026-7,4847
865,643,1281,4058,827584,828183,0,1,0,0,0,1,3283-9758-12288,4438
866,2530,5655,4977,828213,828808,0,1,0,0,0,1,23697-52702-56073,3328
867,10533,2648,6047,828826,829422,0,1,0,0,0,1,79024-13472-41561,6667
868,1453,9156,5348,829222,829819,0,1,0,0,0,1,9341-20956-73515,4878
869,9558,10048,6099,829259,829856,0,1,0,0,0,1,75122-42342-77085,6717
870,6690,2857,3935,831387,832381,0,0,2,0,0,3,63650-39029-9416-24468,5527
871,7417,4088,5598,833908,834502,0,1,0,0,0,1,66560-32594-37784,6908
872,9224,25,5051,835066,837057,0,1,3,0,0,4,73786-69958-22464-3327-54,11591
873,2860,316,4119,837049,837648,0,1,0,0,0,1,24880-1035-1042,2664
874,3029,7270,4730,838548,839349,0,1,0,0,0,1,26179-8514-60233-65973,4523
875,5830,221,6664,840246,840843,0,1,0,0,0,1,58177-52025-44576,2934
876,9863,10712,4401,840945,841741,0,1,0,0,0,1,76342-18680-39915-79739,6151
877,4298,7647,5233,841109,841706,0,1,0,0,0,1,40513-24264-67479,4761
878,9725,8222,6594,841684,842485,0,1,0,0,0,1,75792-50054-13902-69781,5482
879,546,3713,5402,842308,842706,0,1,0,0,0,1,3295-41130,2391
880,6133,7230,6252,842796,843395,0,1,0,0,0,1,61422-6873-65811,3165
881,8977,6304,3561,843055,843648,0,1,0,0,0,1,72798-27007-62109,7961
882,5130,5293,5669,845320,846315,0,1,1,0,0,2,50609-54457-44617-52340,7088
883,8824,919,4495,846686,848082,0,1,2,0,0,3,72186-11260-11262-5199,8024
884,10492,7063,4653,847531,848331,0,1,0,0,0,1,78858-6543-25248-65143,6604
885,2281,4810,6712,849441,850038,0,1,0,0,0,1,18680-52095-48171,8646
886,5565,8824,4956,851628,853622,0,1,3,0,0,4,54829-57616-57631-42199-72189,5347
887,2189,9465,3996,851795,852590,0,1,0,0,0,1,17663-42084-56534-74751,10938
888,2292,10344,4218,852523,853714,0,1,2,0,0,3,18751-34931-31100-78267,6889
889,2037,7032,5251,852752,853352,0,1,0,0,0,1,15883-1179-65019,3648
890,2282,9135,5072,853021,853818,0,1,0,0,0,1,18678-25024-45326-73433,4635
891,7000,788,5584,853112,857505,0,1,1,1,0,3,64890-39527-6484-4329,8571
892,8104,6554,4455,853730,854128,0,1,0,0,0,1,69306-63109,2420
893,7515,3451,4667,854014,854814,0,1,0,0,0,1,66950-11107-11202-29859,3609
894,3891,10540,6990,854307,854901,0,1,0,0,0,1,42770-39265-79053,2625
895,5843,10464,3126,854393,855185,0,1,0,0,0,1,60018-53137-7793-78747,6644
896,5340,2474,6719,854842,855440,0,1,0,0,0,1,52905-44999-46912,4748
897,7901,8040,3395,854868,855659,0,1,0,0,0,1,68496-16713-13774-69053,5181
898,10796,8270,4072,858512,859309,0,1,0,0,0,1,80074-7108-21159-69971,8411
899,5692,59,5212,858885,859680,0,1,0,0,0,1,56529-50980-51918-3542,6785
900,9529,8032,5550,859440,860433,0,1,1,0,0,2,75008-18738-17239-69019,7083
901,2831,7,6408,861922,862721,0,1,1,0,0,2,43552-34431-15,5976
902,4456,8528,4082,864187,864785,0,1,0,0,0,1,43555-26392-71005,5795
903,455,6595,5576,864283,865476,0,1,1,0,0,2,2233-40874-41293-63271,4788
904,8366,3777,5587,864429,865026,0,1,0,0,0,1,70356-33423-33500,3152
905,2243,6480,5484,865046,868247,0,0,0,1,0,2,18247-34254-3131-62813,4375
906,5304,5457,5276,866526,867123,0,1,0,0,0,1,53614-53057-57088,4766
907,5898,4668,2620,870050,870845,0,1,0,0,0,1,59241-30245-45878-46285,6720
908,4170,5253,4780,873200,873989,0,1,0,0,0,1,38731-38329-42615-51718,8667
909,6103,7932,5012,874622,875820,0,1,2,0,0,3,61302-17057-2181-68621,6245
910,3625,3893,5471,875324,875919,0,1,0,0,0,1,31788-52656-35698,2912
911,10053,6667,5146,876563,877355,0,1,0,0,0,1,77102-34114-9441-63561,5247
912,4331,334,5013,877654,878052,0,1,0,0,0,1,44258-41799,1508
913,9321,7051,3685,878055,878851,0,1,0,0,0,1,74176-10975-14538-65095,6147
914,1264,2720,4811,879119,880115,0,1,1,0,0,2,7828-2753-57398,5112
915,6473,5567,7669,879214,880206,0,0,2,0,0,3,62782-44060-45949-54833,8320
916,5184,981,4896,881058,881855,0,1,0,0,0,1,66763-66764-60257-5611,4612
917,8693,10673,4790,881364,882158,0,1,0,0,0,1,71664-33792-42905-79583,3744
918,4367,10410,5604,886248,886248,0,0,0,0,0,1,-1,
919,6866,8053,5627,886270,887860,0,1,2,0,0,3,64354-32569-8349-70993-70990,10648
920,7435,7378,4968,886409,887807,0,1,2,0,0,3,66632-24533-47827-66403,7171
921,3811,8565,6093,887098,887895,0,1,0,0,0,1,34013-42928-42246-71153,5418
922,10930,2208,3981,887578,888173,0,1,0,0,0,1,80610-44013-51317,4256
923,4792,6943,5314,887977,888572,0,1,0,0,0,1,47956-48280-64663,5316
924,3298,1513,4219,891868,892664,0,1,0,0,0,1,28736-40447-41344-12912,3252
925,3654,6615,4760,895072,895669,0,1,0,0,0,1,55291-37445-63351,2873
926,5539,9372,5603,895122,898920,0,1,0,1,0,2,55524-30313-74381,5027
927,7737,5194,5957,895451,896051,0,1,0,0,0,1,67840-5046-51216,5601
928,4808,6189,4798,896977,897770,0,1,0,0,0,1,48160-60687-60696-61649,4787
929,4985,6422,5848,897097,897892,1,0,1,0,0,3,49546-52995-33400-62579,16184
930,2539,8504,5608,897214,897613,0,1,0,0,0,1,23439-70909,1291
931,7385,7391,3889,897666,898065,0,1,0,0,0,1,66430-66455,1268
932,3423,10825,5201,897820,897820,0,0,0,0,0,1,-1,
933,5620,10858,5021,898596,899195,0,1,0,0,0,1,56020-8667-80325,5052
934,7319,7212,6891,898832,899631,0,1,0,0,0,1,66166-41283-31812-65739,6862
935,2791,7406,5615,899894,900690,0,1,0,0,0,1,24222-13749-35605-66515,6541
936,2195,9621,4397,901331,903124,0,1,3,0,0,4,17804-39020-440-75375,6493
937,10739,8083,5879,902262,904453,0,1,2,0,0,3,79848-71868-8374-7627-69223,9369
938,2554,9758,4680,903021,904011,0,1,0,0,0,1,21281-15563-21476-65695-75923,7268
939,9651,9831,3782,903642,904439,0,1,0,0,0,1,75496-25482-42239-76217,6567
940,3398,7937,3490,903728,904321,0,1,0,0,0,1,29127-3276-68641,8525
941,44,5558,3094,904720,906715,0,1,3,0,0,4,88-1099-40369-54796,10215
942,7159,2368,4716,906092,906683,0,1,0,0,0,1,65528-23688-25795,7268
943,7777,9705,5410,906817,907616,0,1,0,0,0,1,67998-2867-48400-75713,7667
944,6439,4588,6089,907088,907088,0,0,0,0,0,1,-1,
945,6835,6064,5076,907577,908379,0,1,0,0,0,1,64230-7851-57180-61147,5306
946,10693,6308,3905,910350,910947,0,1,0,0,0,1,79662-13193-62123,6683
947,7604,4860,4189,910909,911707,0,1,0,0,0,1,67308-52995-1948-49330,8954
948,8869,6743,5838,911111,911707,0,1,0,0,0,1,72366-64868-63865,2672
949,3213,10087,4567,912137,912928,0,1,0,0,0,1,27956-42928-42246-77239,6512
950,8348,1602,5478,912214,913010,0,1,0,0,0,1,70284-26898-26977-11702,5336
951,6386,6108,4307,913785,914378,0,1,0,0,0,1,62434-36285-61323,6969
952,8046,987,5166,913867,915068,0,1,1,0,0,2,69074-27438-27433-5593,6621
953,3506,455,5927,915854,916649,0,1,0,0,0,1,30517-35134-35391-2232,5290
954,2601,9019,6020,916420,917219,0,1,1,0,0,2,21883-1793-72969,8723
955,881,2169,5419,917641,918435,0,1,0,0,0,1,9632-10396-16669-17399,5773
956,8080,6161,5629,918741,920135,0,1,1,0,0,2,69212-55716-1098-61537,8561
957,4605,1676,5184,919093,919691,0,1,0,0,0,1,45603-56516-36015,5502
958,1937,8259,6325,920039,920632,0,1,0,0,0,1,14770-43869-69929,2978
959,8855,7876,4251,920522,921322,0,1,0,0,0,1,72310-47188-24563-68397,5717
960,8156,5177,6824,920916,922114,0,1,1,0,0,2,69514-56639-53008-51093,6801
961,9261,1057,4018,922472,923263,0,1,0,0,0,1,73934-53519-27078-6401,8386
962,1548,7300,5858,923084,924080,0,1,1,0,0,2,15000-6508-66091,7368
963,10911,5984,3256,925345,925938,0,0,1,0,0,2,80534-53252-52993-60553,7469
964,6838,6295,5297,927351,927949,0,1,0,0,0,1,64242-52759-62073,9045
965,191,5795,4827,929563,930159,0,1,0,0,0,1,820-44617-57708,3240
966,641,10090,5104,932524,933322,0,1,0,0,0,1,6345-22896-43000-77251,3822
967,38,379,3818,932897,933890,0,1,1,0,0,2,78-1567-1295-16742,5050
968,2229,2755,4628,933364,933961,0,1,0,0,0,1,18106-18023-32652,3066
969,1701,7268,4414,936276,937069,0,1,0,0,0,1,12433-15230-65969-65966,6291
970,8298,913,6700,936345,937144,0,1,0,0,0,1,70082-44225-43748-6885,5896
971,4117,8224,3882,937682,938284,0,1,0,0,0,1,41135-27398-69789,5311
972,3790,10571,4412,937682,938276,0,1,0,0,0,1,33719-14498-79175,5168
973,5940,8087,5438,942832,943428,0,1,0,0,0,1,59842-36188-69241,8104
974,6704,1895,5278,945171,948770,0,1,0,1,0,2,63706-13778-20289,4034
975,1520,9009,4398,946084,946680,0,1,0,0,0,1,10942-19545-72927,7119
976,412,4001,4629,946174,946765,0,1,0,0,0,1,1980-2158-36891,4272
977,2,10335,3773,946854,947252,0,1,0,0,0,1,52671-78233,1258
978,7986,2769,4582,947618,948219,0,1,0,0,0,1,68836-1275-23655,2801
979,3438,5649,5495,947997,948786,0,1,0,0,0,1,29684-1727-42752-55984,5099
980,6942,3107,5960,948059,948857,0,1,0,0,0,1,64658-49838-48094-45807,4702
981,1594,8327,5189,948359,949948,0,1,2,0,0,3,11644-28617-15918-70201,7948
982,4244,561,6769,948479,949074,0,1,0,0,0,1,39642-52757-23682,6329
983,6639,5050,5160,949542,950141,0,1,0,0,0,1,63446-52742-51461,5777
984,3556,6465,5039,949705,950303,0,1,0,0,0,1,52534-5215-62753,5251
985,8515,4015,4871,951568,953168,0,1,2,0,0,3,70950-37560-59825-58402-36871,8291
986,860,368,7409,952135,952730,0,1,0,0,0,1,4805-6855-14964,3088
987,7882,10129,4976,952876,953870,0,1,0,0,0,1,68418-66036-43234-41296-77407,10882
988,8843,4305,5356,953751,954548,0,1,0,0,0,1,72262-36199-35391-40758,4653
989,8100,10911,3719,955039,955842,0,1,0,0,0,1,69290-47826-15771-80535,7692
990,9172,2116,2547,957432,958031,0,1,0,0,0,1,73578-13090-16615,4037
991,1585,8265,2896,958033,958630,0,1,0,0,0,1,11520-13299-69951,7398
992,92,5426,5985,958527,958928,0,1,0,0,0,1,9379-54048,2818
993,2320,10178,5156,959403,960195,0,1,0,0,0,1,19030-9752-72339-77603,4041
994,5756,10321,5975,959548,963746,0,1,1,1,0,3,57289-55316-51059-78177,8079
995,6906,9334,6575,960599,961397,0,1,0,0,0,1,64516-18624-10097-74227,7357
996,6904,7667,5720,961077,961673,0,1,0,0,0,1,64508-43514-67559,5672
997,3426,40,5274,964949,965541,0,1,0,0,0,1,29570-11164-21405,2854
998,2488,4242,4518,965270,965865,0,1,0,0,0,1,32716-32657-39640,3699
999,10927,715,5623,965980,966573,0,1,0,0,0,1,80598-59484-4281,7078
